個案編號,個案姓名,性別,身分證字號,病歷號,生日/年齡,收案日期,確診日期,失智程度,失智症診斷,確認診斷醫師,Unnamed: 11,NCV檢查,APOE,Unnamed: 14,Unnamed: 15,Unnamed: 16,Unnamed: 17,Unnamed: 18,Unnamed: 19,Unnamed: 20,Unnamed: 21,Unnamed: 22,Unnamed: 23,Unnamed: 24
0dd56dae7b70a714,8b876e11d742b10c,女,eb44fa2f95c5038b,74b5d6c0748581e2,69,0110/08/02,0110/08/02,極輕度失智,不確定/不知道,官怡君,,,,,,,,,,,,,,
6688f5b258b4c5f2,f8294c306dac47bf,女,5d207539c5d695fe,167296bdc8942863,93,0110/08/04,0110/08/04,輕度失智,不確定/不知道,官怡君,,,,,,,,,,,,,,
43b9a3a8182a1888,6e55542ed55fccb1,女,7f0e8938fda111c0,327ec39eef66a79a,91,0110/08/05,0110/08/05,極輕度失智,不確定/不知道,官怡君,,,,,,,,,,,,,,
0bcbac0cd049cdbd,c949f8fb94edbbe5,男,a04fcdae01efd057,2280d20cee6a7b19,71,0110/08/06,0110/08/06,極輕度失智,不確定/不知道,官怡君,,,,,,,,,,,,,,
cd2a443930885a83,a097fd1b8b6237a4,男,e64309c86168542b,b25df515de40075a,63,0110/08/06,0110/08/06,中度失智,不確定/不知道,官怡君,,,,,,,,,,,,,,
36063749b6994279,edef482cf0ca1ee2,男,22e63ed092d7a4c0,5f7c362c4b5103b8,84,0110/08/06,0110/08/06,極輕度失智,不確定/不知道,官怡君,,,,,,,,,,,,,,
a548a13daf8b5b09,f773ca6665218625,女,10693c4e80cf6c37,3c3904609b7cc340,81,0110/08/09,0110/08/09,輕度失智,不確定/不知道,官怡君,,,,,,,,,,,,,,
3e08861ce4974c57,db21c0c971c0017d,男,4e6393159f866b53,48dfeece7184a0c8,66,0110/08/09,0110/08/09,極輕度失智,不確定/不知道,官怡君,,,,,,,,,,,,,,
431cbcf0936cb92d,35446fce24897e91,男,dbd18d4dea916fd9,398a3d585a90446d,75,0110/08/09,0110/08/09,極輕度失智,不確定/不知道,官怡君,,,,,,,,,,,,,,
ea94bf078e103638,820b47afd9c9b06a,男,505a953d32d240d4,98bd8cbb48a8d58d,77,0110/08/10,0110/08/10,極輕度失智,不確定/不知道,官怡君,,,,,,,,,,,,,,
56957d07a7bcd589,840ef87655065cc8,女,c174a8408e51a646,b394bc76f1ad45d8,82,0110/09/02,0110/09/02,中度失智,不確定/不知道,官怡君,,,,,,,,,,,,,,
d7afb79d20006b49,c051326911aca896,女,f229dc0bbd6edd31,f11e58c247e981aa,79,0110/09/02,0110/09/02,極輕度失智,不確定/不知道,官怡君,,,,,,,,,,,,,,
af41e6d99b98ce16,a237add898bc6cd7,女,cc183962e13a7781,935be4705b131e94,87,0110/09/02,0110/09/02,輕度失智,不確定/不知道,官怡君,,,,,,,,,,,,,,
a7516962efbfaf13,297b93643fce0784,女,9cff6c79a88965db,23b867f0e0a1032a,86,0110/09/03,0110/09/03,極輕度失智,不確定/不知道,官怡君,,,,,,,,,,,,,,
bc9857727592ba0f,ae7b8006e6f6d760,男,8a212d1a661779f4,b3d005186210b801,77,0110/09/03,0110/09/03,極輕度失智,不確定/不知道,官怡君,,,,,,,,,,,,,,
ded385b85e0bc650,ae8aae85181e082b,女,c3bef6fd12a8667d,edc74280e1e42f2f,83,0110/09/06,0110/09/06,極輕度失智,不確定/不知道,官怡君,,,,,,,,,,,,,,
2c677e8b74be90ec,fe52332df7c65853,女,91c91932e926e581,e4a1737dec30ebbb,87,0110/09/07,0109/07/22,極輕度失智,不確定/不知道,官怡君,,,,,,,,,,,,,,
1b60e2acf776cbc4,d8402713adfb5952,男,8b784ed179b2a7ab,2cebfd5ef878be59,72,0110/09/08,0110/09/08,輕度失智,不確定/不知道,官怡君,,,,,,,,,,,,,,
a2068bcc091ff64b,f13427a51fdf77eb,男,6220af68622380cf,f187a38744f9663e,77,0110/09/08,0110/09/08,極輕度失智,不確定/不知道,官怡君,,,,,,,,,,,,,,
0d17a51a2affceef,850f7c00003b2dd7,男,fa93a2a1b3657d3c,e4386030ec965fcc,68,0110/09/08,0110/09/08,輕度失智,不確定/不知道,官怡君,,,,,,,,,,,,,,
17134fc4f71c3fdc,6495243c63e2a88c,女,34a372d1de4f6814,588d39e8301d4a68,59,0110/09/08,0110/09/08,輕度失智,不確定/不知道,官怡君,,,,,,,,,,,,,,
20069241021f1c33,d2eff88d85538677,男,a4d2e5f5f2e7d778,b82adb25a37a12a4,80,0110/08/23,0110/01/05,極輕度失智,不確定/不知道,,,,,,,,,,,,,,,
45daa82e0911032e,e8cabf24b45b7459,女,46319a70af3d2d2b,5b0aaae0ca7d7daf,86,0110/08/24,0110/08/24,輕度失智,不確定/不知道,,,,,,,,,,,,,,,
3ffcd7ec4afc70b5,49eafa64b6c19d93,女,af2dd77b701ec814,962c8ddb30ad8ee5,82,0110/08/24,0110/08/24,輕度失智,不確定/不知道,,,,,,,,,,,,,,,
f463f437ea81b4aa,200453f45fc68528,男,21976adbd58ce9f6,304647ec09ee56aa,79,0110/08/26,0110/08/26,極輕度失智,不確定/不知道,,,,,,,,,,,,,,,
3e17eb0dc53bb7e1,50eec49dbfc3c99f,男,12c645c1aae8f191,c25d5e05e17822f6,65,0110/08/26,0110/08/26,中度失智,不確定/不知道,,,,,,,,,,,,,,,
806ae7566d439072,014fec4f1093c33b,男,a4b525286596c92f,ea728f2c11271839,68,0110/08/26,0110/08/26,中度失智,不確定/不知道,,,,,,,,,,,,,,,
e211b671118d2507,052caa98cac136a0,男,dc5cb949a9091b60,0e1cd301f97e63ca,96,0110/08/27,0110/08/27,極輕度失智,不確定/不知道,,,,,,,,,,,,,,,
a3ee8d58e7df6f53,8d554539b4cfd60b,女,8a4ad92ac0e9eaf5,3534c58f22f95150,73,0110/08/27,0110/08/24,輕度失智,不確定/不知道,,,,,,,,,,,,,,,
bd66090b287fcbb8,ea4811fdda9f96d1,男,be767cf63097c885,c146794f923f1009,59,0110/08/27,0110/08/27,極輕度失智,不確定/不知道,,,,,,,,,,,,,,,
c2a26a6f62ea7b2f,a66f00005a607408,女,0fa31a7360e43480,2686ce6b9f1a6282,74,0110/08/10,0110/08/10,極輕度失智,阿茲海默症,胡副,,,,,,,,,,,,,,
0914673f3f86a304,1664c0677bbc7472,女,c60394d67b427d10,236d92c3d53d7d64,75,0110/08/11,0106/12/04,中度失智,不確定/不知道,胡副,,,,,,,,,,,,,,
190224f351e108df,870fa23df6e0fc95,女,f3f254ab108a97f5,42ab6a876b558ae4,62,0110/08/11,0110/08/11,極輕度失智,血管型失智症,胡副,,,,,,,,,,,,,,
af1661d189c5b7a8,210620ab24d94eee,男,c89cf49fb0c9f954,f201c9d97543200d,88,0110/08/12,0110/08/12,極輕度失智,阿茲海默症,胡副,,,,,,,,,,,,,,
e7ba95a6b00dbe37,ca3a1930613502d9,男,e05747f74b05b4bc,2832084a973c0a7b,86,0110/08/12,0110/08/12,輕度失智,其他,胡副,,,,,,,,,,,,,,
0690112a2868890f,76884a57c0f2f856,男,2476fd93653bfd07,19be0e6e1b4b13f9,74,0110/08/13,0110/08/13,極輕度失智,血管型失智症,胡副,,,,,,,,,,,,,,
846cca176b3cc1af,0b5c52bbf1407009,女,65e7ac0a7b6b9289,61bbc2bfb341c2e4,89,0110/08/13,0110/08/13,重度失智,混合性,胡副,,,,,,,,,,,,,,
6adf5a0fb256ef11,a02cb1365db299f3,女,785835f5ee171b05,64a5d7df69322513,74,0110/08/13,0110/08/13,極輕度失智,其他 ,胡副,,,,,,,,,,,,,,
bcb2a9644e98d659,16e1458f6f3036cb,女,8a18cc96647b941b,88165b4f1cbbdb7f,67,0110/08/16,0110/08/16,極輕度失智,阿茲海默症,胡副,,,,,,,,,,,,,,
4d213855c8353623,fcd318bd14865068,男,9fadbfc6dd6c8c10,66bcf46e9a40cdfb,69,0110/08/16,0110/08/16,極輕度失智,阿茲海默症,胡副,,,,,,,,,,,,,,
e8c60ff6232ba5c4,f6078042af753150,男,60992e2606172cdd,cd933d7eef31c96e,81,0110/08/16,0110/08/16,極輕度失智,路易士體失智症,胡副,,,,,,,,,,,,,,
2372cc65a584a976,9a38b5008b9572e2,男,1e9472e4f85413f2,184d432e588a20ef,70,0110/09/08,0110/09/08,極輕度失智,混和型,胡副,,,,,,,,,,,,,,
0b85fefaf3fc55cc,47c0fb17605532e4,女,ab4657d6b0d6afe2,68e60ec0242147d0,81,0110/09/10,0110/09/10,極輕度失智,阿茲海默症,胡副,,,,,,,,,,,,,,
cb0534ecad7adb07,c6aa1eec99d90e06,女,66b47e9908060f6d,929a9ea18764211e,68,0110/09/10,0110/09/10,中度失智,阿茲海默症,胡副,,,,,,,,,,,,,,
bfb783c6664bc6c3,8ed6e59318c109dc,男,7303c0788c31a247,1e985d9beb3f40ec,85,0110/09/10,0110/09/10,輕度失智,阿茲海默症,胡副,,,,,,,,,,,,,,
be792630025fce6e,bed73d5641297cd9,女,f37b7f79f5c9d902,2bb4c4d4d746c53c,70,0110/09/13,0110/09/13,極輕度失智,阿茲海默症,胡副,,,,,,,,,,,,,,
527755ef33a4febe,77b259c1cf3399f2,女,ad8f8415dabe90d2,e2903fed8d3d6d9e,79,0110/09/14,0110/09/14,極輕度失智,不確定/不知道,胡副,,,,,,,,,,,,,,
1304759de3361f2c,7dcffad8c243a9f1,男,c969bc73e1df3eee,6eae45b883f16320,92,0110/09/14,0109/11/06,輕度失智,阿茲海默症,胡副,,,,,,,,,,,,,,
2f07ec4f9d38b3a3,af53b4c1dc23c0f0,男,00163db2d09b5344,2d6a8439b9717a3a,79,0110/09/14,0110/09/14,輕度失智,不確定/不知道,胡副,,,,,,,,,,,,,,
5914da9e2f8444ed,3f1c6ee7a49916e5,男,34e14f23f9d015fd,31ff8de923fb8411,74,0110/09/14,0110/09/14,極輕度失智,阿茲海默症,胡副,,,,,,,,,,,,,,
926adf7b3469aaf8,45f35604430fa2ed,女,9de1f4a1273d9d12,a6c61d995b49cbf8,79,0110/09/14,0104/09/30,輕度失智,阿茲海默症,胡副,,,,,,,,,,,,,,
50e375bab3266bf3,4b46a7326325f942,女,b598d27e3b66f627,968c2eae107f3188,84,0110/09/27,0110/09/27,極輕度失智,不確定/不知道,,,,,,,,,,,,,,,
8096d9b4b9c4dd03,bb89ec162288e1f0,男,ca09088350e7ec9a,7e2a82c316961c06,76,0110/09/28,0110/07/22,輕度失智,不確定/不知道,,,,,,,,,,,,,,,
7a1c9ef63a6a1afe,647f9cacc72299d1,女,22e9aa1b8aaf0951,2c60db79741bf443,83,0110/09/28,0109/06/29,輕度失智,不確定/不知道,,,,,,,,,,,,,,,
7e1b866a91dc46cb,e189b221dd27f567,女,69f3d2807e7f34f4,661702d1d7edd55c,82,0110/09/28,0110/09/27,極輕度失智,不確定/不知道,,,,,,,,,,,,,,,
cfa6421a7b0595d8,bcfe1fc7161c3473,女,dcbf8f541e8871db,75c2c1e8316a245d,76,0110/09/30,0110/09/30,輕度失智,不確定/不知道,,,,,,,,,,,,,,,
ed1899486211ab50,33eac476ea1054c0,男,e610a355f9cd5ad6,99e2af70d85d0803,87,0110/09/30,0110/09/30,極輕度失智,不確定/不知道,,,,,,,,,,,,,,,
02036bb520e038fa,9403ecc22942fee5,女,ebfa5ab046e0a158,9d0be27246f1e354,91,0110/09/30,0110/03/26,極輕度失智,不確定/不知道,,,,,,,,,,,,,,,
016760bf191665a7,527033aec88771a4,女,aa3ca06f3df6cbf1,941c42cfdf0e0fc4,81,0110/09/30,0110/09/15,輕度失智,不確定/不知道,,,,,,,,,,,,,,,
8c79ee385348dd17,48ef14a3a6b7bd15,女,e7a46752d9743f89,d2d8865165f18312,78,0110/09/30,0110/09/24,極輕度失智,不確定/不知道,,,,,,,,,,,,,,,
b43838367b4e5723,7bfe2f45b6c15b05,女,5c887b116c19cd33,307aa6464eacfd0e,81,0110/09/30,0110/09/30,極輕度失智,不確定/不知道,,,,,,,,,,,,,,,
1dfcd02fc4e8388a,e73469839055a1cd,女,eeede01b241873f4,f5a1cfb0d801680f,86,0110/10/01,0110/10/01,中度失智,不確定/不知道,,,,,,,,,,,,,,,
b017285f4b918a97,cd075a87ae9ccfab,女,e1db621501a316a9,4cbfcbd2da1c7589,69,0110/10/01,0110/10/01,輕度失智,不確定/不知道,,,,,,,,,,,,,,,
fbaf52f6e4ee0539,ee65f10e03e63dba,女,375bcb682ac73c9b,90cfe0e9bdece64e,77,0110/10/04,0110/10/04,極輕度失智,不確定/不知道,,,,,,,,,,,,,,,
4e67c9214b3819a1,4ff3f282eff110d6,男,c9caac4544c46a7f,b96b46b76b8dfd38,77,0110/10/04,0110/10/04,極輕度失智,不確定/不知道,,,,,,,,,,,,,,,
4dd00ca70c4a4d15,682cd5940005447a,女,f0e3f2f0f95c6352,ba0d268c181cde9b,92,0110/10/05,0106/12/10,重度失智,不確定/不知道,,,,,,,,,,,,,,,
d06fc20814f08d28,76d28cb932ab3dc9,男,964cfb134791bd98,051efb0ef08b3a88,78,0110/10/05,0110/07/14,輕度失智,不確定/不知道,,,,,,,,,,,,,,,
86c1e0e106f1e3dd,ca73c5ef48ade243,男,cb161a41b789173d,bc5907356feb7708,67,0110/10/06,0110/10/06,輕度失智,不確定/不知道,,,,,,,,,,,,,,,
b262f04b12225ec3,76a7ba1bdb53570c,女,1cac8bd1ec0af4e4,8be5ec4af2d42f85,78,0110/10/07,0110/10/07,輕度失智,不確定/不知道,,,,,,,,,,,,,,,
d3c905b902cd5ee2,d8db3be7de28c71a,女,f0d8993fd2cf2f25,7f6b36b7710cf44f,85,0110/10/07,0110/10/07,極輕度失智,不確定/不知道,,,,,,,,,,,,,,,
63faacdda7715ca0,2041535421c5d5cc,男,6475a12a4be70f97,16ccf44272fe7f01,88,0110/10/08,0110/10/06,中度失智,不確定/不知道,,,,,,,,,,,,,,,
1a8373a43d40db8e,1caf40f99f2afc6c,男,7f030f3d7903cb35,b8c3c4109c070ca4,85,0110/10/08,0110/08/05,輕度失智,不確定/不知道,,,,,,,,,,,,,,,
df523fa45d30892a,8685344a4ba7aaf0,女,611e0975c9d89132,4a67a2eec651c4a5,80,0110/10/08,0110/09/13,極輕度失智,不確定/不知道,,,,,,,,,,,,,,,
725cd6932c106ee7,5493eef0f668a865,女,ac626bdfd3990293,01f722d538d89ff7,73,0110/10/08,0110/10/08,極輕度失智,不確定/不知道,,,,,,,,,,,,,,,
019a56feef9ca964,a85785d023315613,女,98a4d725d651fe24,0b1cfe528eef14b0,85,0110/10/11,0110/10/11,極輕度失智,不確定/不知道,,,,,,,,,,,,,,,
8a65c24a63459c1a,5f9a7306e928b58f,女,3864eeea387cf5f3,a5bbffd3f8120854,93,0110/10/13,0110/10/20,輕度失智,不確定/不知道,,,,,,,,,,,,,,,
a32ec2bc0bb85ace,446dde419f53c338,男,74dbeabcfcb1dab2,1f24146258d9c11a,87,0110/10/14,0110/10/14,輕度失智,不確定/不知道,,,,,,,,,,,,,,,
5b155c9b9e5fda6a,f4f87db8d888db0a,女,c9551cf400bbe04c,3d86e74ed7aa09fe,83,0110/10/15,0110/10/15,輕度失智,不確定/不知道,,,,,,,,,,,,,,,
fe1fc0010835938e,46ec8a3c935ff41a,女,1d0d8a2ebff7aad7,526cbf356a4d71e0,84,0110/10/15,0105/03/18,中度失智,不確定/不知道,,,,,,,,,,,,,,,
ecda56e1b4561d86,a6e6f4ed0deb3736,男,f08e7bff56cba43f,60dca163f0e8c127,81,0110/10/18,0110/10/18,極輕度失智,不確定/不知道,,,,,,,,,,,,,,,
0c51037831a0f7af,8feb45c843db1bed,女,86d413d1624ebf31,3cebe628fc873ab4,95,0110/10/18,0110/10/18,中度失智,不確定/不知道,,,,,,,,,,,,,,,
5962663ed61f1059,191e5d535702c12f,女,2b8446f77293827f,8e236f0da933404a,83,0110/10/18,0110/10/15,輕度失智,不確定/不知道,,,,,,,,,,,,,,,
121396ba3207a2f2,e4bf8ed95da62b05,男,d9264e3559a2f06c,2972e090e709876d,83,0110/10/18,0110/10/14,輕度失智,不確定/不知道,,,,,,,,,,,,,,,
3d7b73e86cded155,fe688ac2fab892e4,男,6ec62a7631eba13b,28594b425ff28fbe,70,0110/10/18,0105/01/06,極輕度失智,不確定/不知道,,,,,,,,,,,,,,,
6a997faa435f46c2,5edf2e2b92ee26d5,男,6c06fca212e68ee5,8d99f9208709831a,74,0110/10/19,0110/10/19,極輕度失智,不確定/不知道,,,,,,,,,,,,,,,
a4c6b7fd4abb49cc,18eaa13b30fc70df,男,d5f027b5bbb00148,93dd4cd0cfe39207,78,0110/10/19,0110/09/22,輕度失智,不確定/不知道,,,,,,,,,,,,,,,
c790c2a0c7f62e29,bb8e23db53b28d66,女,3abb07ace6406d17,d821f44ed775098c,69,0110/10/19,0107/11/27,輕度失智,不確定/不知道,,,,,,,,,,,,,,,
8c26fdc17fef00dd,b090a87284a57faf,男,9471853b340fe520,ff60f7c6ee136703,75,0110/10/20,0110/10/20,極輕度失智,不確定/不知道,,,,,,,,,,,,,,,
43e832f020b0936e,09422cda0bb9ce82,女,fd9fd57ea11c9aff,82e862358113dc68,51,0110/10/20,0110/10/20,輕度失智,不確定/不知道,,,,,,,,,,,,,,,
bbf86a091ca2b468,f02b4cc34eb2fe95,女,84e436bf33035a4d,6a78f1f4f3610301,94,0110/10/21,0110/10/14,輕度失智,不確定/不知道,,,,,,,,,,,,,,,
d3a3862caf7e47b5,2055ae4bfa434a11,男,8f7f4911eab59631,920aa4ccd747a21b,78,0110/10/21,0110/10/21,輕度失智,不確定/不知道,,,,,,,,,,,,,,,
31693a117d52f87f,99bb2127f1fe70eb,女,fadba6e0ef72f399,63336e40bb16af51,86,0110/10/22,0110/10/22,輕度失智,不確定/不知道,,,,,,,,,,,,,,,
02249d70a060a5a7,efc378b6c22a462e,女,b1db9639b43de3bd,11e37332508ab99a,72,0110/10/22,0110/10/22,極輕度失智,不確定/不知道,,,,,,,,,,,,,,,
ae23e586002de8d5,e3aefd65243dacaf,女,48881e5ffcef14d7,529bf9a5616c5a32,94,0110/10/22,0110/10/20,輕度失智,不確定/不知道,,,,,,,,,,,,,,,
5dab67c2579a34a9,989eb6fee0b87ffd,男,ace96ee4e95ce7f8,489172a160579cf5,75,0110/08/17,0110/08/17,極輕度失智,混合性,黃立楷,,,,,,,,,,,,,,
945065a8dbb9533c,be970154d6f67ac7,男,3e487f2f80d3801b,52767d559644d360,71,0110/08/19,0110/08/19,極輕度失智,阿茲海默症,黃立楷,,,,,,,,,,,,,,
2a207739fcdbaa3f,62c5a98bd58745f1,女,1d22f62ae1c5e4de,88bdfb2ac75ffc70,75,0110/08/19,0110/08/19,輕度失智,其他,黃立楷,,,,,,,,,,,,,,
c83a48f0a0882238,ee6e4ca74ff83e7b,男,e9533c990822691c,1c6c9db7bae9db20,76,0110/08/20,0110/08/20,極輕度失智,混合性,黃立楷,,,,,,,,,,,,,,
6b45a12b503f00c9,04643246a9ce96f8,女,027ee2778a11d055,9500aae775837ea7,64,0110/08/20,0110/02/18,極輕度失智,阿茲海默症,黃立楷,,,,,,,,,,,,,,
ee8c237a72a37fc7,9f57609d3e2a9b02,女,8ae92a413514903c,85add9dc2da76f21,88,0110/08/20,0110/08/20,輕度失智,混合性,黃立楷,,,,,,,,,,,,,,
2a3a794a3abd27ec,b698ffb451b88d7d,女,e4fafd3817f9d583,d4dd140b3cb135fb,88,0110/08/20,0110/08/20,重度失智,不確定/不知道,黃立楷,,,,,,,,,,,,,,
c4ebb12f40705f27,87259475f3c04857,男,d11b6168ded67f19,afbadc941e1726b0,85,0110/08/20,0110/08/20,極輕度失智,混合性,黃立楷,,,,,,,,,,,,,,
36a73b83125edb24,06c8b0fd4d7e4b47,女,6e83adc6671c4063,ad6838efcdb1b608,68,0110/08/20,0110/08/20,極輕度失智,其他,黃立楷,,,,,,,,,,,,,,
7b09cf7c0c2ad9a9,b3969d831842643f,男,7f08eefa5fe0bf5b,61153e00f8406ad6,78,0110/08/23,0110/08/23,輕度失智,不確定/不知道,黃立楷,,,,,,,,,,,,,,
23016138f467640c,9a93373211241dbd,女,5885dbdfb41bcbe5,ab84a07925f8bc9a,85,0110/08/23,0110/08/23,輕度失智,阿茲海默症,黃立楷,,,,,,,,,,,,,,
27a8f07b964ceb92,8e5c6c3fe0f60090,男,fd81c0177cb512e3,b9394051fed36406,87,0110/09/16,0110/09/16,中度失智,阿茲海默症,黃立楷,,,,,,,,,,,,,,
c04f99c8acb605ae,027c2ce64e164c87,男,bd56ed8f900e4b64,edea0369d3bcb6ac,75,0110/09/16,0110/09/16,輕度失智,其他,黃立楷,,,,,,,,,,,,,,
e5f6c4abb7800fab,7c197526f18f7b47,女,4c0928ecaa238184,ca5815ae16fc0100,93,0110/09/16,0110/09/13,極輕度失智,血管型失智症,黃立楷,,,,,,,,,,,,,,
ef2b52b08eba10b8,c1b56dc4baa9d6c2,女,9a1583167b5fa3c5,5c56dc6b0525ba07,81,0110/09/17,0110/09/17,中度失智,血管型失智症,黃立楷,,,,,,,,,,,,,,
cae6901dfe3fcc6e,f6cf0fe897a81bd1,女,c45495af93803b1e,a69d137e614a6a25,80,0110/09/17,0110/09/17,輕度失智,帕金森氏失智症,黃立楷,,,,,,,,,,,,,,
b6d2fb1d2f374fe9,53fa82d34bdd29d5,男,8c3cb1a852c9d1aa,eedfd32309b8a78d,40,0110/09/17,0110/09/17,輕度失智,其他,黃立楷,,,,,,,,,,,,,,
0ba984db1de5ce9d,0b3ea138aafcc4e5,男,13b1efa6688ec874,7a246c20a193e2ec,73,0110/09/17,0110/09/17,極輕度失智,阿茲海默症,黃立楷,,,,,,,,,,,,,,
2477041978ba6173,69e004a985d78698,男,1fcfa9909f608efd,fe25b2ab85ab0009,87,0110/09/17,0110/09/17,中度失智,阿茲海默症,黃立楷,,,,,,,,,,,,,,
825aa443e6b9b4a3,d75a95f3f8b29d2b,女,4d873265e5d9126c,fa0148b677c69629,65,0110/09/24,0110/09/09,極輕度失智,混合性,黃立楷,,,,,,,,,,,,,,
00762bfb0b2d8516,24143a5574e378be,女,34ae4f9d59957d8d,92075f0b88531038,72,0110/09/24,0110/09/24,極輕度失智,其他,黃立楷,,,,,,,,,,,,,,
39e25fac76db980f,228f670ffa63adb1,女,dbab6687906bb3b3,5749b0f6cd235f4c,63,0110/09/24,0110/09/22,輕度失智,額顳葉型失智症,黃立楷,,,,,,,,,,,,,,
760558a9de15a30a,78ad76146e736367,女,b74bd128f6a11057,023af79cf45c9165,86,0110/09/27,0110/09/27,輕度失智,阿茲海默症,黃立楷,,,,,,,,,,,,,,
b871344706d9c34d,80bcd472fc8adec8,女,a0a5b0a460348158,75f615ac296dd3b9,87,0110/10/22,0110/04/09,輕度失智,阿茲海默症,黃立楷,,,,,,,,,,,,,,
1ddec6c649839d96,03dc43279f7ba24d,女,b1dccc1f6667febb,844646bf80633079,69,0110/10/22,0110/01/06,中度失智,阿茲海默症,黃立楷,,,,,,,,,,,,,,
807d5c5bee2d6ddc,2328132cf2e1e831,男,19e3dd521f73820d,9e2f0513485b2e31,70,0110/10/26,0110/10/26,極輕度失智,阿茲海默症,黃立楷,,,,,,,,,,,,,,
8face2eedb34a684,9b271283ddf5bcf9,男,6ee32e2f0dd9887c,836fbeb8a288f2d2,64,0110/10/27,0110/10/27,極輕度失智,血管型失智症,黃立楷,,,,,,,,,,,,,,
83a6979c45511cd5,e00bf05d0fec0434,男,ecb079e2df273865,03e499e5d0d9533e,68,0110/10/28,0110/10/28,輕度失智,血管型失智症,黃立楷,,,,,,,,,,,,,,
1aab692f87bbca07,d0672e7659c231ec,女,74121e62f8b40d5a,1f1407e3a43c62f9,70,0110/10/28,0110/10/28,輕度失智,帕金森氏失智症,黃立楷,,,,,,,,,,,,,,
4960b6390530c3cc,f2cf5c6e7aecdc50,女,6196807385faffa8,e6366101967fad83,86,0110/10/28,0110/10/28,輕度失智,血管型失智症,黃立楷,,,,,,,,,,,,,,
baf2c369bd74811f,0902276887b78702,男,21c2cc4f3b24bb15,a1c181f8dcd96ed9,58,0110/10/29,0110/08/27,極輕度失智,額顳葉型失智症,黃立楷,,,,,,,,,,,,,,
7856e310bb357faf,40dbd085fd03ebfb,女,863373d4d2886084,bdc8b4d8c76c0174,77,0110/10/29,0110/10/29,極輕度失智,其他,黃立楷,,,,,,,,,,,,,,
333f8d49b56d7d88,812b4a9740c10905,男,7ea6f8b509defbbc,3b509aa77b30c905,100,0110/10/29,0110/10/29,輕度失智,血管型失智症,黃立楷,,,,,,,,,,,,,,
c5bf080ccf2cbd05,3d7b81b69c777d18,女,4baf5cadc6070f1f,8bed62b6571f6ccd,83,0110/10/29,0110/10/29,輕度失智,阿茲海默症,黃立楷,,,,,,,,,,,,,,
f4962acf877f6296,77171389be61639a,女,ca2ef4dc71174a4b,00a873a32509ebbd,84,0110/11/12,0110/11/12,輕度失智,不確定/不知道,,,,,,,,,,,,,,,
dc0fa1b75b00d51a,cc94e12b5bdfc123,女,d92903791ee46432,f3b08292f52ecf67,82,0110/11/12,0110/11/12,輕度失智,不確定/不知道,,,,,,,,,,,,,,,
b6f3015c74e41346,4ef5a7ecff42ccdc,女,9d0277533fcf2683,bc0f1b7d73b77d24,72,0110/11/17,0110/11/01,極輕度失智,不確定/不知道,,,,,,,,,,,,,,,
c3f41331e4929b55,6fdaac32f83823be,女,0bf4377f1691fa6f,91cf228afb1466a9,71,0110/11/17,0110/11/15,極輕度失智,不確定/不知道,,,,,,,,,,,,,,,
ec7694f4980a81f9,973722b8ec7c9056,女,01ec108908b8bda7,ec5f9f244ff515f9,83,0110/11/18,0110/11/18,極輕度失智,不確定/不知道,,,,,,,,,,,,,,,
3dcaf479780a332e,62e4dd1f2626fe4b,女,952a9a832bca53da,4f9fe0bf8b25c701,84,0110/11/18,0110/11/18,極輕度失智,不確定/不知道,,,,,,,,,,,,,,,
c1c43dba3f7fc295,6f803d54f0dd9f43,女,b7351c1f626db348,cf1c187cfd2df6b9,86,0110/11/18,0106/09/01,極輕度失智,不確定/不知道,,,,,,,,,,,,,,,
f9356106f0345731,6f8f26de1ac19aa1,女,6f71994f69759cfa,90b06adf6c0001fc,83,0110/11/19,0110/11/19,極輕度失智,不確定/不知道,,,,,,,,,,,,,,,
56aad56636b771d6,a5d766f7654657da,女,490b39a7908335c3,accb847db88f6de8,67,0110/11/19,0110/11/19,中度失智,不確定/不知道,,,,,,,,,,,,,,,
a2fc9ab23ea40119,9af2fee662ba9b9e,女,325451db37374531,d5e1ef9b0df1a862,86,0110/11/22,0110/11/22,輕度失智,不確定/不知道,,,,,,,,,,,,,,,
61c7f0d22adfccd5,ec4f0362fa5ebbbd,女,12e6e791439addf5,63a209663526546a,92,0110/11/23,0110/11/23,中度失智,不確定/不知道,,,,,,,,,,,,,,,
7d5991317a4ec33d,6fffcf56ecf61792,女,194a10d7337da03d,b0d81500a8c27884,67,0110/11/23,0108/03/25,輕度失智,不確定/不知道,,,,,,,,,,,,,,,
ae2de2d0b6094e1e,638a0a3cacbd1b86,女,b32d45fe022aaef7,36de15ce10bea5cf,89,0110/11/23,0110/11/23,極輕度失智,不確定/不知道,,,,,,,,,,,,,,,
4376f4bda50b09f7,2b75e9659637aa21,女,b926f72ed828cda9,aca821d419bb637d,70,0110/11/23,0110/09/24,極輕度失智,不確定/不知道,,,,,,,,,,,,,,,
104ad5574f018418,a3ed26433b34d0e2,女,f91ef40d0c78e483,093f54621dccbe18,72,0110/11/23,0110/11/25,極輕度失智,不確定/不知道,,,,,,,,,,,,,,,
a0b5bc395ae13257,67971115141f150b,男,b0ee65e78fbbe04c,7cce1de07ee51218,84,0110/11/23,0110/11/16,極輕度失智,不確定/不知道,,,,,,,,,,,,,,,
6b604f8cdd3fc025,43e59b6323d091c8,男,b1eb2807c09b1baa,e603d652768ae3e8,74,0110/11/25,0110/11/24,中度失智,不確定/不知道,,,,,,,,,,,,,,,
53492c3f354cd678,f94cb379c5c62fa6,男,b592c35beeaed289,858a038de90b9bac,82,0110/11/25,0110/11/25,輕度失智,不確定/不知道,,,,,,,,,,,,,,,
459c1d66858ce180,5c8b9e976d6ae0ac,女,3da4a32744e94d19,52ca62827b51c6e4,80,0110/11/25,0110/09/02,輕度失智,不確定/不知道,,,,,,,,,,,,,,,
0559c3879d3e1d76,e57205329e284f31,男,f2e40c41a2b0d1df,5a7fc0ce8bc8fc1d,83,0110/11/25,0110/11/25,極輕度失智,不確定/不知道,,,,,,,,,,,,,,,
adda8e8f2cde2a03,4ebc01b7eb9791e4,女,93bf638b3127c27f,b75b445f1a18b6f8,43,0110/11/26,0110/11/26,極輕度失智,不確定/不知道,,,,,,,,,,,,,,,
bbaec8aea0d266f7,fa9b4b965357a175,女,9c1bc570be8e621e,8a6ed6fc048a27e9,61,0110/11/26,0110/11/26,極輕度失智,不確定/不知道,,,,,,,,,,,,,,,
7a4a9b4e6d5a4b20,6c5bc41359f06855,女,1978fc278df5376f,7089d43518bd15b0,58,0110/11/26,0108/03/27,中度失智,不確定/不知道,,,,,,,,,,,,,,,
9092fb0e8a7945f9,eb081e434c8c5e3e,女,6593f7a574913eb8,b556ccec3730fc48,83,0110/11/26,0110/11/26,極輕度失智,不確定/不知道,,,,,,,,,,,,,,,
795548f4bbac925b,6a9d8c043586ef6f,女,779d5a123b24b8e0,2b2fd4c562bee5a4,79,0110/11/26,0110/11/26,極輕度失智,不確定/不知道,,,,,,,,,,,,,,,
3826dd5b19d26a36,15403bcba3b9d1a2,女,5f44c2413fba7aae,e93884bad1a773c9,79,0110/11/30,0109/11/16,極輕度失智,不確定/不知道,,,,,,,,,,,,,,,
edc03396617b1d5a,4ba5c08a47edd777,男,057632d0943cd0cf,0c4b62ddc99b2ec4,81,0111/02/12,0111/02/09,極輕度失智,不確定/不知道,,,,,,,,,,,,,,,
bedc9069307e3a14,3530fe1c22e6fa60,女,c54372365a04af80,764ddf94b597da2e,1940-09,2021-01-07 0:00:00,2020-12-02 0:00:00,輕度失智,不確定或不知道,官怡君,,,,,,,,,,,,,,
ce96703be154f089,d077d33469c657a6,女,706e148924792f50,71dea116e4a09b7a,1950-12,2021-01-08 0:00:00,2021-01-04 0:00:00,極輕度失智,不確定或不知道,官怡君,,,,,,,,,,,,,,
8f43d3316c8879dd,da0ed112dad5d123,男,ac960be1639a77c5,41c62cf2a42cf2ce,1942-12,2021-01-14 0:00:00,2021-01-13 0:00:00,輕度失智,不確定或不知道,官怡君,,,,,,,,,,,,,,
a927c7debd82f7ca,e6560a8bccee02db,男,9cc76f92caf09acb,376db61217ee6fea,1930-03,2021-01-15 0:00:00,2021-01-15 0:00:00,中度失智,不確定或不知道,官怡君,,,,,,,,,,,,,,
bc203eedc670a9b2,a6c6081fd2b291c0,女,6697d16192c8a0f2,c9b0d1cdc73cfee0,1944-08,2021-01-15 0:00:00,2020-12-07 0:00:00,極輕度失智,不確定或不知道,官怡君,,,,,,,,,,,,,,
e457700870057e44,f86c11417a4a3466,女,b520a7a3c3d99b4d,8983544b113b7b4d,1942-07,2021-01-15 0:00:00,2020-12-16 0:00:00,輕度失智,不確定或不知道,官怡君,,,,,,,,,,,,,,
20dc6ac10b111b7f,fdeaa07eeddfccdc,女,7ef1a487241e4d7b,0eb4b64968c37bc3,1963-07,2021-01-22 0:00:00,2021-01-04 0:00:00,極輕度失智,不確定或不知道,官怡君,,,,,,,,,,,,,,
7a6c5f4ead85431c,d4d81e1f4dbdffec,女,c6bdf668cf47039d,1b6c57e4639d9efe,1942-12,2021-01-25 0:00:00,2021-01-27 0:00:00,輕度失智,不確定或不知道,官怡君,,,,,,,,,,,,,,
2417febbec2963ef,ab09733774233012,男,4f3ad00a951c8d53,3a6ab68121f60877,1933-03,2021-01-25 0:00:00,2021-01-21 0:00:00,極輕度失智,不確定或不知道,官怡君,,,,,,,,,,,,,,
7afdec32b3d1e794,eb9059ba8666ab90,男,83a45bd7c46152e6,48c8bd714c915e3f,1942-10,2021-02-25 0:00:00,2020-11-24 0:00:00,極輕度失智,不確定或不知道,官怡君,,,,,,,,,,,,,,
2e2d3004b3c3a423,a83c0cc37f356e4b,女,29f789a0eebb7b36,48b9fa4720456693,1957-01,2021-05-12 0:00:00,2021-05-12 0:00:00,極輕度失智,不確定或不知道,官怡君,,,,,,,,,,,,,,
7fc9fd6fdd541c02,778d524622d9b739,男,9ea40f90728ed881,f4b43a338294e935,1934-04,2021-07-27,,輕度失智,不確定或不知道,官怡君,,,,,,,,,,,,,,
e317ca29c4f411d1,a34d1bb1dec2cab6,女,640b8c9edbaa827d,438c8e5abf225885,1943-09,2021-07-27,,極輕度失智,不確定或不知道,官怡君,,,,,,,,,,,,,,
53589cbd2c62bc49,5782007fbd0a93ea,男,56741bda876f9b09,481543a3ed2894c9,1961-03,2021-07-27,,極輕度失智,不確定或不知道,官怡君,,,,,,,,,,,,,,
9c5159b58131d5d7,8c5469219c9d1132,男,e9a36cfcc39d0c62,fd904afce4f26546,1941-12,2021-07-27,,輕度失智,不確定或不知道,官怡君,,,,,,,,,,,,,,
e2597fcee9fde25c,5f86769e3b5d57ea,男,481848027245bd38,d11c2f2e48292982,1951-02,2021-07-27,,輕度失智,不確定或不知道,官怡君,,,,,,,,,,,,,,
52a904794373c9cc,6ff57faa48a7d14c,男,155ea002acf5b265,6bcb0e20f67d19f0,1954-09,2021-07-29,,極輕度失智,不確定或不知道,官怡君,,,,,,,,,,,,,,
4d7613f507143bf7,d7ce5d10fe15ec85,女,91baba5a21248b47,a9eda53a029cc1a4,1932-10,2021-01-04 0:00:00,2020-12-17 0:00:00,重度失智,不確定或不知道,胡副,,,,,,,,,,,,,,
5cb333f5e73584b3,9073938323f6006c,男,d1178bab37d8b692,f65c53d56ab70b1b,1941-01,2021-01-04 0:00:00,2018-05-24 0:00:00,極輕度失智,血管型失智症,胡副,,,,,,,,,,,,,,
946272189ca11306,f5ccd27ee243cf00,女,cea98f73b3039292,bf3a749286fecdd9,1949-10,2021-01-04 0:00:00,2020-12-12 0:00:00,極輕度失智,其他,胡副,,,,,,,,,,,,,,
5c419864490c72d3,c3215a7b0e8af0fd,男,b693d14b6e84288f,55c80dd2b393295e,1932-03,2021-01-04 0:00:00,2020-09-14 0:00:00,極輕度失智,阿茲海默症,胡副,,,,,,,,,,,,,,
8c042cd30151a777,e604ab65fdae34f9,女,529cfc80a637bbb2,e5758124786802a2,1944-11,2021-01-04 0:00:00,2020-10-29 0:00:00,極輕度失智,不確定或不知道,胡副,,,,,,,,,,,,,,
233ccdf43060f629,bc377091e3eccb4c,男,8815e67bfe2d0a7d,36410c7ef9007821,1952-01,2021-01-04 0:00:00,2020-12-21 0:00:00,輕度失智,其他 TBI,胡副,,,,,,,,,,,,,,
15c60e9f7c012187,9b3e7506719626f2,女,5b5c6b547f0244a2,2d6a777dec9ce90f,1925-01,2021-01-04 0:00:00,2020-12-18 0:00:00,中度失智,混合性,胡副,,,,,,,,,,,,,,
79e44a8f59f4698d,efdd95706ec3f316,女,aa270dff34ad9675,f34f777fd91d50a0,1931-09,2021-01-04 0:00:00,2020-10-27 0:00:00,輕度失智,不確定或不知道,胡副,,,,,,,,,,,,,,
c70c299e30a10c55,7f366f0d7e8a9a3c,男,d39e7336a554708a,a0410f38edcd3d09,1938-02,2021-02-23 0:00:00,2021-02-23 0:00:00,極輕度失智,阿茲海默症,胡副,,,,,,,,,,,,,,
1c50c73e6c612af4,da7d803d860e38a6,女,692a876f659ff52b,2ccc67d0698ab860,1952-07,2021-03-02 0:00:00,2021-02-01 0:00:00,極輕度失智,不確定或不知道,胡副,腦炎/未看Neuro OPD,,,,,,,,,,,,,
5f2005686716cdfe,e2efcf11d207755d,女,44d4fa8a56f50389,edbf45f3eb5d9850,1932-12,2021-04-27 0:00:00,2021-04-27 0:00:00,中度失智,不確定或不知道,胡副,,,,,,,,,,,,,,
fb0c4d7f2ab3ff5f,f218d882d24136a4,男,96bf1e82825a382c,5d81da78dc17e5cc,1959-03,2021-07-23,,極輕度失智,額顳葉型失智症,胡副,,,,,,,,,,,,,,
6431008bcc4d1629,613211563ae950a1,女,031953465996afa2,d27fb0958e2c03aa,1942-12,2021-07-23,,極輕度失智,不確定或不知道,胡副,,,,,,,,,,,,,,
b87a7c8fcf53b75a,8eb384d170e92142,女,ab15f1a4afbd2e52,8131f35374236327,1941-09,2021-07-23,,極輕度失智,血管型失智症,胡副,,,,,,,,,,,,,,
33a757158446ba17,536e4fa8bc9a18e6,男,ecbbf6959e52d153,68909435a27afcd0,1939-01,2021-07-26,,輕度失智,阿茲海默症,胡副,,,,,,,,,,,,,,
f59ab98a9941a574,4a1cb0b35530a21a,男,3d4b4823f9d47550,a92b46e4cee71aef,1944-03,2021-07-27,,極輕度失智,路易士體失智症,胡副,,,,,,,,,,,,,,
30494d96028e1618,daf93f1ab0e8b9f7,女,e200ed9695cbd04c,82edb8554fe2eeb7,1939-03,2021-02-08 0:00:00,2021-02-08 0:00:00,輕度失智,不確定或不知道,趙書屏,直至2024/3仍檢查不完整,,,,,,,,,,,,,
27d8ec4d755c323e,eecbf383c4f53465,女,578c96f404c06a8a,863609fd5396a929,1940-06,2021-02-18 0:00:00,2021-02-18 0:00:00,極輕度失智,額顳葉型失智症,趙書屏,FTD?frontal vairent AD,,,,,,,,,,,,,
33ab667708be8f4d,ef8561140a5dd971,女,c0164e2f38f2070d,1ac580dd1063755d,1959-06,2021-04-19 0:00:00,2021-04-19 0:00:00,中度失智,不確定或不知道,趙書屏,r/o DLB or AD with BPSD (2021/9後loss f/u),,,,,,,,,,,,,
2d4346b05428a7b3,0c257730db27e45d,女,275b368e923a8c76,a9d8fd38aa3aef13,1934-11,2021-04-24 0:00:00,2021-04-02 0:00:00,極輕度失智,VMD,趙書屏,,,,,,,,,,,,,,
affed5968c40c542,be8aeee637bf35e0,女,fb4a317c69f296fa,0c6214e43c72c402,1948-09,2021-02-26 0:00:00,2020-08-07 0:00:00,極輕度失智,阿茲海默症,趙書屏,,,,,,,,,,,,,,
8d58b13ced7b54dd,6c033c23f52c3443,女,8bf64db8a8569bfb,3a9be8db9a083da6,84,0110/08/02,0110/08/02,極輕度失智,巴金森氏失智症,官怡君,,,,,,,,,,,,,,
b0f2f47b2c6c5589,2bbc1577c1dc7f2b,女,dbd7f893d8cb4bea,763780f3615edcda,77,0110/08/11,0110/08/11,輕度失智,巴金森氏失智症,胡副,,,,,,,,,,,,,,
559106076a143dc1,611819c8f6fd28ea,男,2c704e1a84dfb0b9,292515157a7610f9,72,0110/09/30,0110/09/30,中度失智,巴金森氏失智症,,,,,,,,,,,,,,,
6dac119c51f7be81,c6ed8445b2fd2415,女,0f7b6069b49ce7a0,60fb4b58e387d751,83,0110/10/08,0110/10/08,重度失智,巴金森氏失智症,,,,,,,,,,,,,,,
3514ef71bbfae61b,4279ca6768d03f1a,女,7b5b01703552b067,4efa845e98afab30,84,0110/10/08,0110/10/08,重度失智,巴金森氏失智症,,,,,,,,,,,,,,,
e9e157cd2d95a8f3,f4d92ca5065cf308,男,59537f4954afc605,440bd0c2933c22ba,69,0110/11/22,0110/11/22,極輕度失智,巴金森氏失智症,,,,,,,,,,,,,,,
61fa7294f50b1cf1,ba8417009d33a2d6,男,c65ea7b065a98755,b38fd8087ed2120b,1941-10,2021-04-08 0:00:00,2020-12-23 0:00:00,極輕度失智,血管型失智症,官怡君,,,,,,,,,,,,,,
c1bc32b202bf64d3,b4f2b09e032a48a4,男,55be017126230324,3bc564b9249567ec,58,0110/09/03,0110/09/03,輕度失智,血管型失智症,官怡君,,,,,,,,,,,,,,
252ff0cd0f15a872,694a53b1becada0b,男,a92582447d90b5e3,169f725dd96e0bea,1960-04,2021-03-24 0:00:00,2021-03-16 0:00:00,極輕度失智,血管型失智症,,,,,,,,,,,,,,,
4c6c6002c834c387,3ffbd2ae0c855bf9,女,c3b5ce35fd5d6eac,7947d5ac361f94d5,1936-12,2021-03-25 0:00:00,2021-03-16 0:00:00,極輕度失智,血管型失智症,,,,,,,,,,,,,,,
3a42092fbcc2ba0e,fcbbd8b64a23e04e,女,ac80b3c1e23e543b,b8da3bd860f060dd,1934-11,2021-03-30 0:00:00,2021-03-30 0:00:00,極輕度失智,血管型失智症,,,,,,,,,,,,,,,
7d7f6f71982bdd0b,da64e18713e96d1e,女,c93e837ce5207efb,b097ee7f12f1fce9,1944-01,2021-04-07 0:00:00,2021-01-21 0:00:00,極輕度失智,血管型失智症,,,,,,,,,,,,,,,
02c1a3888330c602,8ab6363d64d14e8f,女,51c0fd16b27ddbd6,b86b8f2d57109feb,1941-01,2021-04-08 0:00:00,2021-03-18 0:00:00,重度失智,血管型失智症,,,,,,,,,,,,,,,
2e5fe839deae64d4,2d5d9913788e2d62,女,ff8bf11980c9a6c2,90b0f6634110d29d,1940-12,2021-04-09 0:00:00,2021-04-05 0:00:00,中度失智,血管型失智症,,,,,,,,,,,,,,,
d8277d9638908704,be9ee6b84ccd75e3,男,39140dd0423fcbcb,3c09dc131d214183,1939-08,2021-04-14 0:00:00,2021-04-14 0:00:00,極輕度失智,血管型失智症,,,,,,,,,,,,,,,
b17163110e375251,38538284edd23674,女,a544c574604b15b7,7b30210b62c66636,1950-02,2021-04-14 0:00:00,2021-03-10 0:00:00,極輕度失智,血管型失智症,,,,,,,,,,,,,,,
321d48d29745b037,e64aad574407eae2,男,7f938d2b386855d2,86c2b9291877cf8c,1937-01,2021-04-19 0:00:00,2021-04-19 0:00:00,中度失智,血管型失智症,,,,,,,,,,,,,,,
b2a4b5718959763c,505d3543a67d1b5a,男,843c95ce40bc7d0c,1ae5ef0264a3b06f,1964-02,2021-04-26 0:00:00,2021-04-19 0:00:00,輕度失智,血管型失智症,,,,,,,,,,,,,,,
a39a264f0acb8468,d1e9c79ebc555173,女,2e8609d898357dc8,adb69a8e82d5b77f,1935-06,2021-04-28 0:00:00,2021-03-24 0:00:00,輕度失智,血管型失智症,,,,,,,,,,,,,,,
ae7fcae93f9c3a3a,541f3e86cc371674,男,c4637edb7ea4e85d,e9c8c27d63542114,1934-12,2021-04-28 0:00:00,2021-04-28 0:00:00,輕度失智,血管型失智症,,,,,,,,,,,,,,,
b5f236cfc07f0b45,141d4a46d48941df,女,2a5bd86fc747fd5f,bd138a9c5186efab,1941-10,2021-04-28 0:00:00,2020-12-07 0:00:00,中度失智,血管型失智症,,,,,,,,,,,,,,,
6988915354bff4ba,d06ba25913da2f93,女,90e6959f55c95b6a,a7bce1664f8e231d,1946-01,2021-05-12 0:00:00,2021-05-12 0:00:00,極輕度失智,血管型失智症,,,,,,,,,,,,,,,
7fe75babe2e68b4c,71bfd618a67eb10f,女,ce5ac3c2d20c5b93,da58fcec987c1d15,1956-04,2021-05-12 0:00:00,2021-05-12 0:00:00,極輕度失智,血管型失智症,,,,,,,,,,,,,,,
fc20c7e46ad38e73,5d9c0f40067ca2ab,男,e6ae324a04d0beeb,3f3d56cdce1454ae,1939-11,2021-05-13 0:00:00,2021-03-18 0:00:00,輕度失智,血管型失智症,,,,,,,,,,,,,,,
194ea63111229cb9,c92247606ff5198e,女,75f65a3b86cf8975,5c9d6e230e995b9d,82,0110/08/31,0110/08/31,輕度失智,血管型失智症,,,,,,,,,,,,,,,
5d8b2790cfefb902,242ecf7cebf74968,女,c84ca7475151ad98,93b9efa6a346ce00,1933-08,2021-02-26 0:00:00,2020-11-17 0:00:00,輕度失智,血管型失智症,胡副,,,,,,,,,,,,,,
7f3163b0b5abbbdb,94d6cb131c8e046e,男,0867e85ec2b2737b,5eb08a0f1e2eaac3,1932-07,2021-03-05 0:00:00,2021-03-04 0:00:00,極輕度失智,血管型失智症,胡副,,,,,,,,,,,,,,
e8c2a85c727bf776,6e990a227a83d91c,女,d6c3588616a52221,c60bb9df1a031e8b,1949-04,2021-03-08 0:00:00,2021-03-03 0:00:00,中度失智,血管型失智症,胡副,,,,,,,,,,,,,,
eacc5bee20d88b3e,cfd9c62ddc9e9918,女,1490edefad29bbcc,23aaf2d521a0a82e,1953-01,2021-03-09 0:00:00,2021-03-08 0:00:00,輕度失智,血管型失智症,胡副,,,,,,,,,,,,,,
30d86196043c4552,44db17349e2aa6b1,男,81d5e6da5ffdcbe0,27856c08b3da26e4,87,0110/08/12,0110/08/12,極輕度失智,血管型失智症,胡副,,,,,,,,,,,,,,
cca80426fb48b502,e2f8b8cc57db0c5f,女,0b23b1b1c9a351ae,54e751188ccdd6d5,79,0110/08/12,0110/08/12,中度失智,血管型失智症,胡副,,,,,,,,,,,,,,
420982adea1c6353,69cca0abcbc43780,女,13bc6efae560f712,bc4e3f65d6ee966f,79,0110/09/09,0110/09/09,中度失智,血管型失智症,胡副,,,,,,,,,,,,,,
ae985e9784ba503a,bb87b621b3bb3588,男,2bf7668beadbf828,4abf788ca166dd1a,70,0110/09/10,0110/09/10,重度失智,血管型失智症,胡副,,,,,,,,,,,,,,
c70736bec0eaaf5e,48a5a15ef7fd7f5b,男,2e68628502e761b8,311768d019155b02,87,0110/08/31,0110/05/10,輕度失智,血管型失智症,,,,,,,,,,,,,,,
ef8aa14de389141c,0584b4f242d6fb88,女,761b317badc32a49,4ad6e89693d0f621,74,0110/10/11,0110/10/11,極輕度失智,血管型失智症,,,,,,,,,,,,,,,
f1acd057f7fd2e52,95981e0013d68324,女,52ea89ebe6a2dbba,e3eaefce0303fdaf,1969-10,2021-01-06 0:00:00,2020-09-30 0:00:00,極輕度失智,血管型失智症,黃立楷,,,,,,,,,,,,,,
c5d09558a01d7a7f,6f8352d1d3259475,男,1f0f4757a48bd623,4f590b294021fde9,1953-06,2021-01-06 0:00:00,2020-11-05 0:00:00,輕度失智,血管型失智症,黃立楷,,,,,,,,,,,,,,
b5ce6db85997ba4d,134412cb8ebc1f52,女,c2f318866c680f0d,181747a2cb33f843,54,0110/08/20,0110/08/20,輕度失智,血管型失智症,黃立楷,,,,,,,,,,,,,,
bf550cc4f06afae6,6b0499c6ada0cfb6,女,e5c553b52ff6964d,5c8ce5ed125b6e16,95,0110/11/04,0103/11/06,輕度失智,血管型失智症,黃立楷,,,,,,,,,,,,,,
2c4cad9899337932,2fdfc76a25b887e1,女,364eb34a180ac9d2,3b5e6be0dba31da2,77,0110/11/05,0110/10/29,輕度失智,血管型失智症,黃立楷,,,,,,,,,,,,,,
5d61d17e1dde7a79,82bae1bec2b82499,男,7cbaf477fb477d49,2bdee28ab5e6d825,1929-12,2021-02-04 0:00:00,2021-02-04 0:00:00,輕度失智,血管型失智症,趙書屏,,,,,,,,,,,,,,
3bd232f706637f63,a811ee538f47e7a3,女,dc63ef2bb562dc0d,c44b2e7ff84c9e41,1939-12,2021-02-16 0:00:00,2021-02-16 0:00:00,輕度失智,血管型失智症,趙書屏,,,,,,,,,,,,,,
6cf8cc52225e7ac7,50bc66c048f18aaa,男,1554e0c25d4d7485,d9135a8baa1137ef,1947-02,2021-02-25 0:00:00,2021-02-25 0:00:00,極輕度失智,血管型失智症,趙書屏,,,,,,,,,,,,,,
8f42545af9fb722b,e35a122dddeda953,女,c3234f9bbc2a358f,6baa5c487418055c,1941-06,2021-01-05 0:00:00,2020-09-04 0:00:00,輕度失智,血管型失智症,趙書屏,,,,,,,,,,,,,,
c0ddde1d035dea52,31acbfca39e22f4b,女,58571b582be536c7,28004eeb7466141b,1939-08,2021-01-07 0:00:00,2021-01-06 0:00:00,重度失智,血管型失智症,趙書屏,,,,,,,,,,,,,,
a2c9276bf4d2b21f,e40d4a073453fe1a,女,203fed6c39174c94,7b2df92753102dc8,1939-10,2021-01-07 0:00:00,2020-12-23 0:00:00,極輕度失智,血管型失智症,趙書屏,,,,,,,,,,,,,,
def164ea5c11e981,1df49a40f73153bd,男,9ed0eb0ba2cd58d4,09e9df5f9cf030a7,1969-04,2021-01-19 0:00:00,2017-06-12 0:00:00,輕度失智,血管型失智症,趙書屏,,,,,,,,,,,,,,
ba166b1c2bf3bd49,46a5dcfa898357e7,男,bb99a0534d02812d,eb26b09d3f13fee6,1934-02,2021-01-21 0:00:00,2016-09-02 0:00:00,輕度失智,血管型失智症,趙書屏,,,,,,,,,,,,,,
138fe001bf8582b0,0917ee980711b35a,男,ed9ab685c9c47770,1c37e665b0004aa2,1947-02,2021-01-27 0:00:00,2021-01-14 0:00:00,輕度失智,血管型失智症,趙書屏,,,,,,,,,,,,,,
065415f0e686cdc1,c3b927aa6fee6dcf,女,99d434506964eb68,44f090236b8f4f9e,1951-10,2021-01-28 0:00:00,2021-01-28 0:00:00,輕度失智,血管型失智症,趙書屏,死亡,,,,,,,,,,,,,
450b554e44a721bd,a3513b178d5d83ad,男,be4e409442de981c,34949e1c92049bf5,1952-03,2021-01-29 0:00:00,2021-01-29 0:00:00,中度失智,血管型失智症,趙書屏,,,,,,,,,,,,,,
45a4821eaf017d07,78f456115f49c536,男,c57f00b163a834b4,904b8c2db0f40478,1972-12,2021-02-02 0:00:00,2021-02-02 0:00:00,輕度失智,血管型失智症,趙書屏,,,,,,,,,,,,,,
7699e318130989ec,8de2a342f52e415b,女,ad51bd0021485896,78cd322dc6666886,1945-09,2021-02-18 0:00:00,2021-02-18 0:00:00,輕度失智,血管型失智症,趙書屏,,,,,,,,,,,,,,
ac3c06676b2cbde1,d75181af233aa3c1,女,042fe3729106835d,f2a0bd13a2634f70,1946-12,2021-02-22 0:00:00,2021-02-22 0:00:00,極輕度失智,血管型失智症,趙書屏,,,,,,,,,,,,,,
184225863daaef34,a074c39ce556494a,女,c2c1339d3542c218,68fa3310c3096b43,1946-02,2021-03-09 0:00:00,2020-03-17 0:00:00,極輕度失智,血管型失智症,趙書屏,,,,,,,,,,,,,,
a0571ef9badbcd14,bdad8226d980c629,男,b5d33a5563dde799,8ae6fc68494b709f,1936-09,2021-03-11 0:00:00,2017-01-19 0:00:00,極輕度失智,血管型失智症,趙書屏,,,,,,,,,,,,,,
827ed5a0ffd540d7,7e0dd2efbf45fd58,男,a7550a365704bb92,ef7abfa0b8e5f96b,1938-06,2021-03-12 0:00:00,2021-03-12 0:00:00,中度失智,血管型失智症,趙書屏,,,,,,,,,,,,,,
ed3de5cfc88f8c94,d31d4959c26dbb8b,女,cc37d9db765086aa,001880eb38d5d0b5,73,0110/11/18,0110/11/18,極輕度失智,血管型失智症,,,,,,,,,,,,,,,
ed18469f17fee6d3,a15f48155ed123cd,男,6e7bb444752d4b73,32cc74e4a00698c8,67,0110/11/24,0110/11/24,極輕度失智,血管型失智症,,,,,,,,,,,,,,,
5966abd0cbfc86f9,0d62205466a9a198,女,dd50fe0d9ed1a65b,,1934-11,2018-10-29 0:00:00,2022-03-21 0:00:00,輕度失智,血管型失智症,胡朝榮,,,,,,,,,,,,,,
9bc20aab6ed7c0db,1b2e7ff1264bfe2e,女,344401ac6e4fbcff,949273a6bc0668da,1931-02,2021-04-15 0:00:00,2021-04-15 0:00:00,極輕度失智,其他,黃立楷,,,,,,,,,,,,,,
79f4679c54cc1f28,3298d45423d0a691,男,d51f3500146138df,2cc932a2b9d81f58,1953-12,2021-07-22,,輕度失智,其他,黃立楷,,,,,,,,,,,,,,
12f6e884a8cdad53,df01176483026a1c,女,985381f4dedb487e,704a335aeabcba5b,73,0110/10/29,0110/07/14,輕度失智,其他,黃立楷,,,,,,,,,,,,,,
ae5b4dee47616a2f,9e02b6b4682f0848,男,e2d0d0d1218686f9,04d98aa138e41969,90,0110/10/29,0110/10/29,輕度失智,其他,黃立楷,,,,,,,,,,,,,,
e62bfa837f984ba9,b66aa08f4f385755,男,325d4863087f58dc,37e6a3f479590565,37,0110/11/03,0110/11/03,輕度失智,其他,黃立楷,,,,,,,,,,,,,,
7703d6689a6c000a,9e909ce17f35c2f3,女,92b680362b9de201,fb119ad68ff1efa5,65,0110/11/03,0110/11/03,輕度失智,其他,黃立楷,,,,,,,,,,,,,,
8981a7763fcdd3b4,9877a99cfb7f7b78,男,c58440904610b504,efa9d8be06e911eb,92,0110/11/04,0110/11/04,重度失智,其他,黃立楷,,,,,,,,,,,,,,
692888b628db5625,ef0eecb196127077,女,c15fe31c7d979119,46cb9b6f1d88da28,66,0110/11/05,0110/11/04,中度失智,其他,黃立楷,,,,,,,,,,,,,,
cbd859419f91379f,3ac50bb4e3f1a519,女,ac46ca172bc606f6,7a3e7b5b8159a844,84,0110/11/10,0110/09/30,極輕度失智,其他,黃立楷,,,,,,,,,,,,,,
b8029a0b598b52f7,0bbcd59c1352044d,男,e304503aff25dcff,0f74ea56f3111bfe,1938-10,2021/7/30,,輕度失智,帕金森氏失智症,,,,,,,,,,,,,,,
4ae4cea3c7f5b7c5,28fb2583517c4286,女,fbbc15b07b13faf1,2213dffb9f83b728,1935-10,2021/7/30,,極輕度失智,帕金森氏失智症,,,,,,,,,,,,,,,
788b9d47f084eef5,9333e8d0ed9ec77c,女,617eb44a6f798a82,0acbaa42a845ac5c,81,0110/08/17,0110/08/17,輕度失智,帕金森氏失智症,黃立楷,,,,,,,,,,,,,,
37f8d682b99decc8,cf580f69ac2eb0c4,男,65f7e9e66437e6e1,1064de9b9960e4d6,76,0110/10/29,0110/10/29,極輕度失智,帕金森氏失智症,黃立楷,,,,,,,,,,,,,,
5a705b4c19d817e8,8503a4efead01d22,男,7f8023a80450907f,d2b8560d5fcd0eb0,85,0110/11/04,0110/11/04,輕度失智,帕金森氏失智症,黃立楷,,,,,,,,,,,,,,
afdd2d1a25be8d03,739cbd438f911100,女,f722ae2fc8f9d452,9d656244d634cf89,1943-05,2021-02-18 0:00:00,2020-10-22 0:00:00,極輕度失智,帕金森症的失智症,趙書屏,,,,,,,,,,,,,,
5bcf62b4a4e6a5b2,220f5bb321804128,男,1fd42316e97ee095,a48f8283572f4532,1929-01,2021-01-15 0:00:00,2016-08-22 0:00:00,極輕度失智,帕金森症的失智症,趙書屏,,,,,,,,,,,,,,
21f59c492ade27c4,9f64a86816fa1bdb,男,c57aea51d8803283,0ff398682a8a4b39,1942-06,2021-01-25 0:00:00,2021-01-25 0:00:00,輕度失智,帕金森症的失智症,趙書屏,,,,,,,,,,,,,,
fe39066f6dada13d,176012579d31b3fa,男,c6e242d6dad88cab,b2a523c725af2e64,1936-10,2021-02-18 0:00:00,2017-08-23 0:00:00,極輕度失智,帕金森症的失智症,趙書屏,,,,,,,,,,,,,,
809911dc6e7eaded,ea772b145dc79fa9,男,e2306139afb8cb2e,fd4dd25cd8eab790,1941-02,2021-03-05 0:00:00,2021-03-05 0:00:00,極輕度失智,帕金森症的失智症,趙書屏,,,,,,,,,,,,,,
b137672555491b09,83c3c62d50b99f5a,男,2a7cb4127bec16f5,1180be36941b30be,1935-12,2021-03-10 0:00:00,2021-03-10 0:00:00,極輕度失智,阿茲海默症,官怡君,,,,,,,,,,,,,,
dfb1c037e09fa3c0,0820ba97b29484c8,女,c9b9b70dc9dc8eb2,07b8fea14b1a4256,1952-04,2021-03-12 0:00:00,2021-03-12 0:00:00,極輕度失智,阿茲海默症,官怡君,"under survey, F/U ",,,,,,,,,,,,,
e2c608d74b4ff92f,839f42f203781005,男,230d9beab2dcf219,cb9f2afd15990f56,1940-05,2021-03-18 0:00:00,2021-03-18 0:00:00,輕度失智,阿茲海默症,官怡君,ACHEI,,,,,,,,,,,,,
a74812387e643340,71cd624d5f61a007,女,df9c83ef00be535f,2833439956e7066d,1945-08,2021-03-23 0:00:00,2021-03-23 0:00:00,極輕度失智,阿茲海默症,官怡君,ebixa,,,,,,,,,,,,,
8738ece49629425c,21ac5009bd9a1fd1,男,427ea78b8f278908,286d32537e4ba688,1961-09,2021-03-31 0:00:00,2021-03-25 0:00:00,中度失智,阿茲海默症,官怡君,,,,,,,,,,,,,,
cb4c0272fded4326,9a869a2f2121887d,女,d3ca802adbcde4bb,1c4e152ed3af29ab,1935-01,2021-04-02 0:00:00,2021-04-02 0:00:00,輕度失智,阿茲海默症,官怡君,,,,,,,,,,,,,,
add8604d12b903a3,6a582e3d147c9b57,男,bc3e76ad71bee9a8,1455766bdfd929a3,91,0110/08/03,0110/07/30,輕度失智,阿茲海默症,官怡君,,,,,,,,,,,,,,
efba19c13007b32f,574661ea32169e20,女,d2c4038773978909,89cc79888a182725,68,0110/08/04,0110/08/04,極輕度失智,阿茲海默症,官怡君,,,,,,,,,,,,,,
478550acbe3578f9,97df030c98e5887c,男,ab4c0b2cd881de29,6de629e4cc55f23b,75,0110/08/09,0110/08/09,極輕度失智,阿茲海默症,官怡君,,,,,,,,,,,,,,
179daff2e082df88,c0a59f89b4c02ab6,男,99f034489be227ef,90f0ee5f49b53185,65,0110/08/09,0110/08/09,輕度失智,阿茲海默症,官怡君,,,,,,,,,,,,,,
163043ff3efbbfaa,f7f2af0df66e0485,女,ada7b7fc415a5712,e94d20b51e7032a5,76,0110/09/01,0110/08/23,輕度失智,阿茲海默症,官怡君,,,,,,,,,,,,,,
b8b3c5adcff1ab28,42a1bababdb22fa5,女,7f23a67b1f892c64,57bb83145f9806f4,1928-03,2021-03-23 0:00:00,2021-03-23 0:00:00,中度失智,阿茲海默症,,,,,,,,,,,,,,,
ae2d4e0b8390e414,b8ac8a2e3827e5fa,女,2ef9db91852250c2,a6f745e9a758f013,1947-02,2021-04-01 0:00:00,2021-04-01 0:00:00,極輕度失智,阿茲海默症,,,,,,,,,,,,,,,
04702a8f034493e7,d6168dd9e5e6f354,女,1b28142d3b643d70,164a25973ed4ca64,1953-08,2021-04-02 0:00:00,2021-04-01 0:00:00,極輕度失智,阿茲海默症,,,,,,,,,,,,,,,
6fc464e26ca1c024,58358e952c216ae5,女,d6e2654ce362000a,82489320721c1d5f,1950-08,2021-04-02 0:00:00,2021-04-02 0:00:00,極輕度失智,阿茲海默症,,,,,,,,,,,,,,,
2ad8f3d0e0944b44,6d7327330e86f50f,女,d8deb26d977c9a2e,02f8e8c89d086d97,1927-02,2021-04-08 0:00:00,2021-04-08 0:00:00,重度失智,阿茲海默症,,,,,,,,,,,,,,,
6cb64725eee0fef7,88665733be9d9a09,男,9a85a73ab4039ed8,4b3864f83effb678,1952-08,2021-04-16 0:00:00,2021-04-16 0:00:00,輕度失智,阿茲海默症,,,,,,,,,,,,,,,
b198352ed3c3a22a,0d1d552a9d3dd336,女,100946e85d54909f,c071fe0f5682ec9c,1952-10,2021-04-22 0:00:00,2021-04-22 0:00:00,中度失智,阿茲海默症,,,,,,,,,,,,,,,
3efc1c4a3d01d7fb,2ab4951fbedc94ed,女,6d87a78d8a9f082a,a58f087d8b48bdfb,1941-02,2021-04-29 0:00:00,2021-04-29 0:00:00,輕度失智,阿茲海默症,,,,,,,,,,,,,,,
a35b0f06b627a938,d752934413f1cd10,女,02c93c58907c9cac,d6521417e23c38e1,1936-07,2021-04-30 0:00:00,2021-04-27 0:00:00,重度失智,阿茲海默症,,,,,,,,,,,,,,,
68e415cad54fb45f,6ac1366fcc3ff7d9,女,4def8a9c97076c50,041dbf0cbfed6d77,1951-06,2021-05-03 0:00:00,2021-05-03 0:00:00,極輕度失智,阿茲海默症,,,,,,,,,,,,,,,
749fa5bbbcc49ed7,6af9c4565391a093,女,ddcfb78a5c22ed23,1082fc3f31a38ca4,1947-03,2021-05-03 0:00:00,2021-05-03 0:00:00,輕度失智,阿茲海默症,,,,,,,,,,,,,,,
4d4aca595b5ca7a2,478f4a701e91418a,女,f70fc7f5cb806686,c1b7bcf288cb3e82,1937-10,2021-05-04 0:00:00,2021-03-23 0:00:00,輕度失智,阿茲海默症,,,,,,,,,,,,,,,
ec90926720f15b79,c07e4434d8b153df,女,62c38cb9587f48ad,d1cef80b6abea30d,1943-04,2021-05-04 0:00:00,2021-05-03 0:00:00,極輕度失智,阿茲海默症,,,,,,,,,,,,,,,
b3325d69df1b13f7,1850876433524b39,男,af7f543e201c1338,a473585e278f8541,1925-06,2021-05-05 0:00:00,2021-05-05 0:00:00,中度失智,阿茲海默症,,,,,,,,,,,,,,,
50b18b3f2efe026e,a01672e7d33f0e54,女,52cbe53632d1b61f,b89d831def37197c,1943-01,2021-05-06 0:00:00,2021-05-06 0:00:00,輕度失智,阿茲海默症,,,,,,,,,,,,,,,
848f8c0be636fbbf,c4e707d54233c635,女,021b6b85f9b08bea,667762f738e71df0,1925-04,2021-05-06 0:00:00,2021-05-06 0:00:00,極輕度失智,阿茲海默症,,,,,,,,,,,,,,,
2e1287a2ec3e839a,09c22aa1364bb481,男,acedc5afc055f95d,a708bd54ceb4070a,1933-04,2021-05-06 0:00:00,2021-04-19 0:00:00,極輕度失智,阿茲海默症,,,,,,,,,,,,,,,
24954980399fa055,0d1b8086121d8a70,女,078a1a8b16c2652a,2814ef0ad8d56242,1930-11,2021-05-06 0:00:00,2021-05-06 0:00:00,中度失智,阿茲海默症,,,,,,,,,,,,,,,
fe9be871a4e12c3a,02fb4edbfa948e8c,女,ad031cb4105b0d9e,86100c2fddd9b63a,1937-07,2021-05-10 0:00:00,2021-05-10 0:00:00,中度失智,阿茲海默症,,,,,,,,,,,,,,,
66432e3275142248,0c9a275d0242ad03,女,7606caa6ff444e90,d231c838b38ac7f8,1959-08,2021-05-11 0:00:00,2021-05-11 0:00:00,中度失智,阿茲海默症,,,,,,,,,,,,,,,
6e4da704999e76ca,b735d1c48f0806d2,女,89d95e97f5f36963,e0d76359a05a3bfc,1936-03,2021-05-12 0:00:00,2021-05-05 0:00:00,輕度失智,阿茲海默症,,,,,,,,,,,,,,,
ca4bb2941f52e3a7,8706b8bed9b75173,女,b3364d846d6a4933,c5483894b9bfcf80,1937-02,2021-05-12 0:00:00,2021-03-22 0:00:00,輕度失智,阿茲海默症,,,,,,,,,,,,,,,
503f0954bc3b3cf3,3d2fd4b682df0594,女,d27461f5b060256f,34fd344a4afc0950,1927-08,2021/7/29,,中度失智,阿茲海默症,,,,,,,,,,,,,,,
c547711d6bad5840,a19dcb364e894f7e,女,e8cb65ffbf9c3ce6,bfc472a67f88d521,1926-06,2021/7/29,,輕度失智,阿茲海默症,,,,,,,,,,,,,,,
382910064a78e15d,30efb4117a74b16f,男,b9ce15d75209a6fb,45e8f0c9d6962200,87,0110/08/27,0110/08/27,極輕度失智,阿茲海默症,,,,,,,,,,,,,,,
9dbea1f65934958c,aa47dfb84c2b7e03,男,736072dc10e14262,fea43bf2d7482452,81,0110/08/27,0110/08/27,極輕度失智,阿茲海默症,,,,,,,,,,,,,,,
b921f92327ab3ddc,00e96a65a42dc870,女,866ab2d89c09e360,cf9b7f80ed03af5a,89,0110/08/30,0110/08/30,極輕度失智,阿茲海默症,,,,,,,,,,,,,,,
74cf6aad100d2e8b,8186285cc6937482,女,8245a5ed4f3789b8,49fad85628ac6c84,1938-10,2021-03-02 0:00:00,2021-03-02 0:00:00,極輕度失智,阿茲海默症,胡副,,,,,,,,,,,,,,
33f4dc7521cf2257,5270ef4b8f2835c2,女,56773a7ae4fb7ca1,89c26e2b65911ae7,1941-08,2021-03-03 0:00:00,2021-03-03 0:00:00,輕度失智,阿茲海默症,胡副,,,,,,,,,,,,,,
ee6089f3c0c2371f,0663d01d5f99dc96,男,227025e17cad13f4,4dc2851b31287a13,95,0110/09/30,0110/09/30,輕度失智,阿茲海默症,,,,,,,,,,,,,,,
f60ae80601e42609,be8071157a838b33,女,f9cb37152120b16f,5d378d9d01cb91f3,73,0110/10/01,0110/10/01,輕度失智,阿茲海默症,,,,,,,,,,,,,,,
74713d0f57b77c90,c1fcc1d605706e1d,男,7828548194422720,7983c8506e1152e6,88,0110/10/07,0110/10/07,極輕度失智,阿茲海默症,,,,,,,,,,,,,,,
b1ebcc404cf38905,85609b809b0169b3,男,1bdfd4d33ffcb66f,db1544c5cafd4a40,90,0110/10/07,0110/10/07,輕度失智,阿茲海默症,,,,,,,,,,,,,,,
afa310b46898a3fe,52be69dd141b332b,男,8c9a1e28f99e8871,618b0b910ccb7658,53,0110/10/13,0110/10/13,輕度失智,阿茲海默症,,,,,,,,,,,,,,,
92fff5c71b1d2402,71ae3005a0f3a2e0,女,afc3499355617764,41bd2baaf186490c,93,0110/10/14,0110/10/14,極輕度失智,阿茲海默症,,,,,,,,,,,,,,,
c7c3628e9529452f,ecf20d1074c1462c,女,9b10b985e56298d8,d09d2b656c8911b6,72,0110/10/18,0110/10/18,極輕度失智,阿茲海默症,,,,,,,,,,,,,,,
a5b1928b53a5372f,d25561298bee7c42,女,2e50337b64fb9b44,66a6be8332f12c2d,79,0110/10/21,0104/11/16,輕度失智,阿茲海默症,,,,,,,,,,,,,,,
39f093550fd3cc76,23b1aa497533315c,男,a392aeb9936b6ce5,d1feb0c800cd1bd7,77,0110/10/21,0110/10/21,輕度失智,阿茲海默症,,,,,,,,,,,,,,,
9f20b6fa17ec90af,0c3864770e77b43c,女,9773239f532df82d,bafacc70f2e7d53d,91,0110/10/22,0110/10/22,中度失智,阿茲海默症,,,,,,,,,,,,,,,
6c3bd1b8e70469bd,899175bc1fc4be73,女,2fa3a6b3f5c201ed,4a88ed1e41457fde,88,0110/10/22,0109/11/12,極輕度失智,阿茲海默症,,,,,,,,,,,,,,,
9dda99cd541bbec2,9c818b5e418c3c66,女,acb5996ac069b9ee,ef49a3dfa04c9d73,1940-02,2021-01-05 0:00:00,2020-12-07 0:00:00,輕度失智,阿茲海默症,黃立楷,,,,,,,,,,,,,,
b243a9c113f7b0d2,039b9344775c9722,女,0eddd2c05f8d3552,ffa1854f37dc5825,1933-07,2021-01-05 0:00:00,2020-10-05 0:00:00,中度失智,阿茲海默症,黃立楷,,,,,,,,,,,,,,
f492a92fe55d78fd,d89248daa1b0e602,女,f21da8e54029531f,b30c3616a3f1ec4b,1945-10,2021-01-05 0:00:00,2020-12-08 0:00:00,中度失智,阿茲海默症,黃立楷,,,,,,,,,,,,,,
16c157768d8cf8a9,501259e1f06f6341,男,e66597c753071e4c,ba9b1ad792ad46a3,1952-10,2021-01-06 0:00:00,2020-11-03 0:00:00,極輕度失智,阿茲海默症,黃立楷,,,,,,,,,,,,,,
2ff111f4e8adffa1,af0d2c8ab5953b18,男,750e71d73bcdec5b,f8e774cef9b66f95,1942-07,2021-01-06 0:00:00,2020-12-24 0:00:00,極輕度失智,阿茲海默症,黃立楷,,,,,,,,,,,,,,
d3c5bfc37360d40c,c8a225f098c469d5,男,e112095e8a2657f5,2acf3583cf4b91dc,1945-03,2021-02-25 0:00:00,2021-01-14 0:00:00,極輕度失智,阿茲海默症,黃立楷,,,,,,,,,,,,,,
64c9469f6c2ad8b8,3d8710d7933291e4,男,80da847dfd8ee43c,d978595e9d4b1336,1930-01,2021-04-12 0:00:00,2021-04-12 0:00:00,極輕度失智,阿茲海默症,黃立楷,,,,,,,,,,,,,,
2bb9f51323e00a16,49253f290b5323bd,男,ba8b209671a60930,1853e4b864e2ef7a,1945-03,2021-04-13 0:00:00,2021-04-29 0:00:00,極輕度失智,阿茲海默症,黃立楷,,,,,,,,,,,,,,
ec3cf74f2c36b6a6,8da2a983042732e8,男,c2d087dd9961738b,b4f72fdcb10c6741,1936-03,2021-04-14 0:00:00,2021-04-14 0:00:00,輕度失智,阿茲海默症,黃立楷,,,,,,,,,,,,,,
d5d56b67947f14fa,ad39cb70f979df8a,女,dbd71b34ce03b760,5d57d31834fa9bc4,1930-11,2021-04-16 0:00:00,2021-04-16 0:00:00,輕度失智,阿茲海默症,黃立楷,,,,,,,,,,,,,,
8f0d1b2845bcefcd,2d90d5805b88137f,女,51f7dce115d7be40,e9589024bec54dfb,1932-09,2021-07-19,,極輕度失智,阿茲海默症,黃立楷,,,,,,,,,,,,,,
6ad32ba150767879,93eb569008df0a70,男,44c06cf431945a8c,f81c7299b63110ba,1959-08,2021-07-22,,極輕度失智,阿茲海默症,黃立楷,,,,,,,,,,,,,,
933eb65bc6d0878f,0cc49dfa63d2f9f7,男,92e22c6b3694891e,713b97499fbd0b0f,1944-12,2021-07-22,,極輕度失智,阿茲海默症,黃立楷,,,,,,,,,,,,,,
68c3761b913e149d,1e627afadcd257af,女,1a66c5f4740ac187,5cab369863dad334,1930-04,2021-07-22,,極輕度失智,阿茲海默症,黃立楷,,,,,,,,,,,,,,
57788e239f4315b2,df631c7f76245d90,女,fe862ea7e9069ba5,d5c4c79c58ff2278,1945-08,2021-05-07,2021-05-07 0:00:00,極輕度失智,阿茲海默症,黃立楷,,,,,,,,,,,,,,
9f291599ddb56cdc,fd0456617973cfce,女,f6372706191a1d03,58c0ca0fea9f60d9,1937-11,2021-07-29,,極輕度失智,阿茲海默症,黃立楷,,,,,,,,,,,,,,
9554133e007a39e7,08a0e5775cf0a41c,女,c271c2e3e826507b,522c5068d70cbace,76,0110/08/16,0110/08/16,極輕度失智,阿茲海默症,黃立楷,,,,,,,,,,,,,,
c759a4b94cbbd348,708dd64f3ba19fe7,女,ec437797f9da2080,ba037d966e1aa8b7,94,0110/10/29,0110/10/29,輕度失智,阿茲海默症,黃立楷,,,,,,,,,,,,,,
5d155b1bf5cbe545,2b4102dc0e7d6bb0,女,2a172a049c6dc2d3,143d331a9a08fc99,73,0110/10/29,0110/10/29,中度失智,阿茲海默症,黃立楷,,,,,,,,,,,,,,
119b3d0e6d567ee9,9517f45f95627817,女,7fdfc59dd3ec92c9,4017eecc4a974190,82,0110/10/29,0110/10/29,極輕度失智,阿茲海默症,黃立楷,,,,,,,,,,,,,,
61759cfea6e741cd,1c9e4764dceda537,女,57093beb657ebcce,9871f2d341a58ec6,73,0110/10/29,0110/02/25,極輕度失智,阿茲海默症,黃立楷,,,,,,,,,,,,,,
37b1cb3bf6ff287f,09368306f825ed32,女,c590b8c5d4f85276,70284d1e409d2253,81,0110/11/01,0110/11/01,輕度失智,阿茲海默症,黃立楷,,,,,,,,,,,,,,
756f9ea6551c07d1,6c617f227c7dc8de,女,4c4c12a8a549a82a,45e3bc05b880fb04,77,0110/11/01,0110/11/01,極輕度失智,阿茲海默症,黃立楷,,,,,,,,,,,,,,
40b5917c8d46402f,bcae9258696b30d0,女,74ea3ad2393a7be7,0b103ea58f0fd88e,78,0110/11/04,0110/11/04,極輕度失智,阿茲海默症,黃立楷,,,,,,,,,,,,,,
36837b192dd62b15,bf37972ba2cc749f,男,f3d669c04d23fef8,0fb903a9f8181b7b,69,0110/11/04,0110/10/07,極輕度失智,阿茲海默症,黃立楷,,,,,,,,,,,,,,
7bf01464707f4cc9,b523fb8eea050083,男,bae4c1d2ffad08db,11c224759bb66907,93,0110/11/04,0110/10/22,極輕度失智,阿茲海默症,黃立楷,,,,,,,,,,,,,,
868734a917c3db07,04c37883a93846f9,女,c695bb8feaffbc3c,580c97df8e3c3156,72,0110/11/04,0110/09/14,極輕度失智,阿茲海默症,黃立楷,,,,,,,,,,,,,,
3cc11728c0fe0741,ad123ab4b41b55ee,女,bba5fcb09e2057b8,667a302125108c48,75,0110/11/05,0110/11/05,中度失智,阿茲海默症,黃立楷,,,,,,,,,,,,,,
601978f7e9422b24,ebca902aed972ed5,女,d29454e1e457266d,d3bb4e9b6eaff08a,86,0110/11/05,0110/11/05,極輕度失智,阿茲海默症,黃立楷,,,,,,,,,,,,,,
f8a8b7cc768a3d4e,a15189b9abea1f94,女,36557196d526ba5c,0e25b941d603fe74,88,0110/11/05,0110/11/05,極輕度失智,阿茲海默症,黃立楷,,,,,,,,,,,,,,
7d1ca0eeccbabd84,edc355d932d9149d,男,2d220af100d4bafb,4d591cd04d864980,61,0110/11/08,0109/08/14,極輕度失智,阿茲海默症,黃立楷,,,,,,,,,,,,,,
a7c40bb2517b46cd,ad68baca79d77a62,男,f98b53fa8020a122,69ae84ca06c1b0e4,80,0110/11/08,0110/11/08,輕度失智,阿茲海默症,黃立楷,,,,,,,,,,,,,,
b52a504270484efa,f8a1f34165d86109,男,090357ae499b0243,efa38feb8a5959bd,88,0110/11/08,0110/11/08,極輕度失智,阿茲海默症,黃立楷,,,,,,,,,,,,,,
3e422860f24223c7,9f5288b7ae71f592,女,da4b86e390bd7171,dc1ca1d9c759ab84,82,0110/11/08,0110/03/15,極輕度失智,阿茲海默症,黃立楷,,,,,,,,,,,,,,
a687d22eb0ff5841,a976f981454edc57,女,30f8c9f72495a551,4f3fc17bd647317d,85,0110/11/09,0110/11/06,極輕度失智,阿茲海默症,黃立楷,,,,,,,,,,,,,,
cef1330d5d25817a,3de2bdddcbb0fd21,男,ace7f4a96250c4f6,3ef18f2bd4b4ca57,89,0110/11/09,0110/11/09,輕度失智,阿茲海默症,黃立楷,,,,,,,,,,,,,,
605b62274cff98cb,198541866efa0718,女,beb13a3c3d448264,f9fb7bf45068dff9,76,0110/11/09,0110/10/18,極輕度失智,阿茲海默症,黃立楷,,,,,,,,,,,,,,
3d3eb7d68418c573,8fd45910f1883f9f,女,191dafa619555860,100a25c6bf325e0e,77,0110/11/09,0107/08/27,輕度失智,阿茲海默症,黃立楷,,,,,,,,,,,,,,
d055c06d16c94c1b,5e08b766f5faf4cd,女,0b5c2f1b21f5c7a2,5f139151bf05f810,72,0110/11/11,0110/11/11,極輕度失智,阿茲海默症,黃立楷,,,,,,,,,,,,,,
2ff642173a85ae23,d40c544025385b64,女,d14c2e867281a278,e44e9b6826de9ca1,77,0110/11/11,0110/11/11,極輕度失智,阿茲海默症,黃立楷,,,,,,,,,,,,,,
abfa22b2d87a3b73,ae60efd6e0c095a9,女,83b3ec3d6877a6fc,61b8efd813d8eadf,1948-10,2021-02-02 0:00:00,2021-02-25 0:00:00,極輕度失智,阿茲海默症,趙書屏,,,,,,,,,,,,,,
cec61b2966142616,8ad4091bf44ac86a,女,01db814ad0d1b7ce,3620185a677a3fb8,1943-11,2021-02-19 0:00:00,2021-01-29 0:00:00,極輕度失智,阿茲海默症,趙書屏,,,,,,,,,,,,,,
99527cd2d4f291d4,46f72ae0a4101bd2,女,5b25a8705dd84643,daf2216f77be4583,1946-12,2021-04-19 0:00:00,2021-04-19 0:00:00,極輕度失智,阿茲海默症,趙書屏,,,,,,,,,,,,,,
a87a54a3c89ff057,8bb49c6f5068fc29,女,8c3e1b9dafcdec4b,3e5be4b422105c30,1947-02,2021-04-19 0:00:00,2021-04-19 0:00:00,極輕度失智,阿茲海默症,趙書屏,,,,,,,,,,,,,,
2d74952ae54993d2,8debaff7fef131c2,女,0efc947df07e6d29,f3ae8cfe1b1a3a2f,1928-09,2021-04-20 0:00:00,2021-04-20 0:00:00,輕度失智,阿茲海默症,趙書屏,,,,,,,,,,,,,,
a607603d3ca3a53a,4c07b5bf99b6a11f,女,df43513eef17e7cc,1554c2e50bf0fa50,1942-01,2021-04-20 0:00:00,2021-04-20 0:00:00,極輕度失智,阿茲海默症,趙書屏,,,,,,,,,,,,,,
00ca25b72b6ef7b0,3b33bcaec5c42e73,女,080af4e95dce56e2,e85b5657fa50f068,1945-05,2021-04-22 0:00:00,2021-04-22 0:00:00,極輕度失智,阿茲海默症,趙書屏,,,,,,,,,,,,,,
75f73779d1fa1125,71f53a49bd8a22d5,男,4c439fef430c34a2,0f4adf7c93678a17,1931-02,2021-04-22 0:00:00,2021-03-29 0:00:00,極輕度失智,阿茲海默症,趙書屏,,,,,,,,,,,,,,
9976c3c9bd767d96,07d19777e5979111,女,ee7ba99589c79a78,f3ac65fbf8c9b9c4,1942-04,2021-05-14 0:00:00,2021-05-14 0:00:00,極輕度失智,阿茲海默症,趙書屏,,,,,,,,,,,,,,
c45fa6e3f339857f,8c3e9487a6efc32b,女,e50e1cdabdfc8e29,2858bd283ad3f554,1959-08,2021-07-14,,輕度失智,阿茲海默症,趙書屏,,,,,,,,,,,,,,
dab0bb42062c6eea,342a9a098b87c70e,男,a1c8051f5204c95d,053600ef9f945fc5,1934-05,2021-07-16,,輕度失智,阿茲海默症,趙書屏,,,,,,,,,,,,,,
c211dc5d8f7c804c,a8ffbd7a6639bed8,男,276b14563ace9d2f,ce86d1189b86df43,1949-03,2021-07-16,,極輕度失智,阿茲海默症,趙書屏,,,,,,,,,,,,,,
04a30ed0b4393fd7,852e3bc881dd0473,男,7dd5d21d4519c751,c34fcdbef222d406,1951-06,2021-07-30,,極輕度失智,阿茲海默症,趙書屏,,,,,,,,,,,,,,
84ca54b61c264eb9,17d5e88325565ef6,女,529b53fd93966891,54893f23ee2c3f37,1937-04,2021-01-04 0:00:00,2020-12-29 0:00:00,中度失智,阿茲海默症,趙書屏,,,,,,,,,,,,,,
34d05bad8f2043a8,d53acfc60a3b6c09,女,7e487db6091a2a64,31b0e73817e55c7a,1946-08,2021-01-05 0:00:00,2020-12-17 0:00:00,輕度失智,阿茲海默症,趙書屏,,,,,,,,,,,,,,
f568ff67eb577da9,c345cffb9581827c,男,5b7f249580af8dab,51aafa44aaeb8e28,1917-09,2021-01-08 0:00:00,2020-12-23 0:00:00,輕度失智,阿茲海默症,趙書屏,,,,,,,,,,,,,,
bf80a70327c58996,f4eaa8c0ba6977fb,男,ef4ad3ea2c123851,336389157ac32a1e,1937-10,2021-01-08 0:00:00,2020-12-29 0:00:00,極輕度失智,阿茲海默症,趙書屏,,,,,,,,,,,,,,
6a93b4ed35e74279,8bef79506c60809f,女,fcd68ba3691bfe3c,89dade4144e40812,1934-12,2021-01-08 0:00:00,2020-12-10 0:00:00,輕度失智,阿茲海默症,趙書屏,,,,,,,,,,,,,,
d5ca25cdfab55e15,8a1a2aba219c913a,男,bfa908ba98b0a7b5,a30a04964d638208,1953-11,2021-01-18 0:00:00,2021-01-11 0:00:00,極輕度失智,阿茲海默症,趙書屏,,,,,,,,,,,,,,
77ebf35a453652d3,650ae352b1114172,男,df6a5fbff8a949c9,f93b0263458ac0cd,1948-12,2021-01-20 0:00:00,2021-01-29 0:00:00,輕度失智,阿茲海默症,趙書屏,,,,,,,,,,,,,,
841241810febfdb4,d71e998d6bd53c42,女,bb52fa2ee60272dd,af141a424b6fa0f0,1950-04,2021-01-22 0:00:00,2021-01-15 0:00:00,極輕度失智,阿茲海默症,趙書屏,,,,,,,,,,,,,,
52203827b615b14a,fcc08cdc09f6efad,女,c6a8d8025c76168d,832639d3875cb302,1961-08,2021-01-22 0:00:00,2019-06-11 0:00:00,輕度失智,阿茲海默症,趙書屏,,,,,,,,,,,,,,
7b0e299ddbc83d27,74ac76c127f45720,女,d9f777322302b8b3,31e326f6746d482b,1938-03,2021-01-28 0:00:00,2020-05-29 0:00:00,極輕度失智,阿茲海默症,趙書屏,,,,,,,,,,,,,,
774eaced3201a756,1f32e386cc2e96c0,男,05a9ebd88482cdbc,8afb53f35f7ec5a1,1945-10,2021-01-28 0:00:00,2020-12-24 0:00:00,輕度失智,阿茲海默症,趙書屏,,,,,,,,,,,,,,
b323b6d3cf370974,e8a6ebbc674481de,男,c783c95b182733d2,5680236a920bf9e6,1943-04,2021-01-28 0:00:00,2021-01-19 0:00:00,中度失智,阿茲海默症,趙書屏,,,,,,,,,,,,,,
8ab235832c911a8a,dc40e4f2673a4db6,女,7f57e5957bb5710d,f0802da32b8486b7,1937-11,2021-01-29 0:00:00,2020-10-06 0:00:00,極輕度失智,阿茲海默症,趙書屏,,,,,,,,,,,,,,
7dccaeb3145f7460,7c4355f52eeba20a,女,7ae23fc16cf4692a,e99f830cf0e99f19,1962-02,2021-02-03 0:00:00,2019-12-31 0:00:00,中度失智,阿茲海默症,趙書屏,,,,,,,,,,,,,,
f42490d9880b28a7,add3e8f6e9bd8a0a,女,45b394418799b635,d9609ebf123fcfb6,1947-12,2021-02-03 0:00:00,2021-01-04 0:00:00,極輕度失智,阿茲海默症,趙書屏,,,,,,,,,,,,,,
8d9220003137b73a,6b5068dbc085943f,男,c85829d8a1da6bb0,d1a3f04b384f256e,1943-12,2021-02-03 0:00:00,2021-01-29 0:00:00,輕度失智,阿茲海默症,趙書屏,,,,,,,,,,,,,,
279346c34db75f1d,141aed7344d041ae,男,d03df20a94735951,762a94c8ffa5115c,1930-09,2021-02-04 0:00:00,2020-11-30 0:00:00,輕度失智,阿茲海默症,趙書屏,,,,,,,,,,,,,,
6ede5034f130f84b,c925826099492ce5,女,f3461a2f6a97e698,4b7750ac2154a331,1935-01,2021-02-05 0:00:00,2021-01-25 0:00:00,極輕度失智,阿茲海默症,趙書屏,,,,,,,,,,,,,,
e0243aadd87fdb5c,ea7c9378b7bfecc6,女,7b77f72f3cd54a87,5e057e3bee449606,1945-02,2021-02-18 0:00:00,2021-02-18 0:00:00,極輕度失智,阿茲海默症,趙書屏,,,,,,,,,,,,,,
bda52b6f9e305532,c5f54b65e6f44e08,女,ba3619c5244383bc,b63ad75f023b66ca,1938-03,2021-02-22 0:00:00,2020-08-14 0:00:00,輕度失智,阿茲海默症,趙書屏,,,,,,,,,,,,,,
f2b5d13838b23f87,24a7aa50bf37071d,女,fad9e5d8aa19174f,bcdc6d6c7e022ee3,1936-07,2021-02-23 0:00:00,2020-12-21 0:00:00,輕度失智,阿茲海默症,趙書屏,,,,,,,,,,,,,,
5dc34149d568c6fb,6fca0a47c16e37cc,女,5514cd0631c8b6d0,0000e20683de134b,1949-08,2021-02-24 0:00:00,2021-01-25 0:00:00,極輕度失智,阿茲海默症,趙書屏,,,,,,,,,,,,,,
f49c5369b52f0e6a,a9337cc7120dc855,女,868883492180d3f0,e0c8c23be1777a2b,1952-06,2021-02-25 0:00:00,2019-10-28 0:00:00,重度失智,阿茲海默症,趙書屏,,,2/3,,,,,,,,,,,
d0c9717a422b693e,a27392bc019846b0,女,bd8f96c0e386baf1,3668395df3a489f2,1932-10,2021-02-25 0:00:00,2021-02-25 0:00:00,極輕度失智,阿茲海默症,趙書屏,,,,,,,,,,,,,,
b9756cdabd8b55d6,1924344a18596797,男,684541bde084f336,2bc587ddaef1a843,1935-06,2021-02-26 0:00:00,2020-08-21 0:00:00,極輕度失智,阿茲海默症,趙書屏,,,,,,,,,,,,,,
a95783f27d57e256,d8181308a322a55e,女,cf65d300a638bed7,b0f228212119e32b,1946-09,2021-03-05 0:00:00,2021-03-05 0:00:00,極輕度失智,阿茲海默症,趙書屏,,,,,,,,,,,,,,
f2fe39d1da03fde6,0e4598dc5cf2973d,女,24725cb911ffcebd,70227f340e623598,1938-03,2021-03-05 0:00:00,2021-03-02 0:00:00,中度失智,阿茲海默症,趙書屏,,,,,,,,,,,,,,
287221a2d50d43cf,4ec2453eaf4101a2,女,8ccd8b626b1cdf61,b599c1e4a68c9133,1933-04,2021-03-08 0:00:00,2021-03-08 0:00:00,中度失智,阿茲海默症,趙書屏,,,,,,,,,,,,,,
34a2cdd7e73c3dba,a9bdbac2a93eb83b,女,a9140a8ab6219f08,7df4bd3d32fe7d6f,1937-08,2021-03-12 0:00:00,2021-03-05 0:00:00,輕度失智,阿茲海默症,趙書屏,,,,,,,,,,,,,,
96d995969599e3c4,1643a4b11592ecbf,女,191593f81b8a530c,3ad4ef9b8ab95c6c,67,0110/11/11,0110/11/03,極輕度失智,阿茲海默症,,,,,,,,,,,,,,,
5c37828dd2c2b946,7991c8339b348a7e,男,54972c48cf4ed8ee,71970ad28e8e0a21,86,0110/11/12,0110/11/12,中度失智,阿茲海默症,,,,,,,,,,,,,,,
95ebed0c600e94a9,b1d41c18a0262728,男,744f7c0fdd0b1daf,e4498b23405f2b04,60,0110/11/25,0110/02/16,極輕度失智,阿茲海默症,,,,,,,,,,,,,,,
def3370bde256503,c64e37bbc572c383,男,8c5f5ef6ccd6f052,3d40e485811d66e3,75,,0110/12/03,極輕度失智,阿茲海默症,,,,,,,,,,,,,,,
9e9345965c3fe0ba,289621bb6dafffdb,女,d63f4675bf26f35d,20f683f141f994ff,1933-06,2021-04-01 0:00:00,2021-04-01 0:00:00,極輕度失智,混合性,官怡君,AD with vascular pathology,,,,,,,,,,,,,
7406f8c2be1b8920,e35115fd9a00e03e,女,9dd6fbdd02967381,7791dee8264a7524,1954-07,2021-01-05 0:00:00,2020-10-05 0:00:00,極輕度失智,混合性,黃立楷,,,,,,,,,,,,,,
ea9f7d1cfa6c323e,3a4a4fe750a437f4,女,c3de38fbb3f92e78,84b69047319a7d5a,1952-01,2021-01-06 0:00:00,2020-12-29 0:00:00,極輕度失智,混合性,黃立楷,,,,,,,,,,,,,,
6a55f21673afa4a5,aacd6fc643bd13eb,女,99dbc860403cc2f0,dde7f53ab41003ae,1944-07,2021-04-13 0:00:00,2021-04-13 0:00:00,極輕度失智,混合性,黃立楷,,,,,,,,,,,,,,
8159c993cd22b773,58090b13c3f77bb8,男,a405f9cdbdaffc32,537a3f0f16d414b7,1934-07,2021-04-15 0:00:00,2021-04-15 0:00:00,極輕度失智,混合性,黃立楷,,,,,,,,,,,,,,
bb0f70a47aa34501,74b41a41f0467d85,男,c38f7333cf88f943,2ae8f6b612fd08ff,1938-03,2021-04-15 0:00:00,2021-03-27 0:00:00,極輕度失智,混合性,黃立楷,,,,,,,,,,,,,,
92ecbac937269d31,3e4a1a0002bb23af,女,ac6943f672ce8a48,a900e018967f190e,1934-06,2021-04-16 0:00:00,2021-04-16 0:00:00,輕度失智,混合性,黃立楷,,,,,,,,,,,,,,
6898672b4a8593fb,748bab9d2df1d98b,男,7da14e05cc47717c,44ce4ad41d1f51a6,79,0110/08/17,0110/08/17,輕度失智,混合性,黃立楷,,,,,,,,,,,,,,
6ac914014a67ad53,a4183374276cbdf7,女,e293ff95e47c072c,bf04efa6e4bffdfe,74,0110/10/29,0110/10/29,極輕度失智,混合性,黃立楷,,,,,,,,,,,,,,
b554359ba91e1536,ee91385812733106,男,f91e07cc53c4edae,2faf309bd77314a9,80,0110/10/29,0107/01/16,輕度失智,混合性,黃立楷,,,,,,,,,,,,,,
1cb67029c3f2493a,f048c312dbea7077,男,ff6158cccde3df99,6b0061bcf02ab79f,78,0110/11/01,0110/06/21,輕度失智,混合性,黃立楷,,,,,,,,,,,,,,
2a950e0a0c9e9095,61a37ba312b46ffd,男,84317d2599f6c927,723b1cdb89a2b934,78,0110/11/01,0110/11/01,輕度失智,混合性,黃立楷,,,,,,,,,,,,,,
48531727ec45a3e2,af21a9ec8f19f41e,女,2c6b181375a05df6,a7b00f604cf287a7,86,0110/11/03,0101/09/13,中度失智,混合性,黃立楷,,,,,,,,,,,,,,
3128db4244a866f9,2cfc974049f7dd9f,男,c488890f86aacfe2,5604889addecd0de,94,0110/11/03,0110/11/05,中度失智,混合性,黃立楷,,,,,,,,,,,,,,
feeecabaf59c62e4,17a7192157fb831e,女,9b9f9f2533e4e40c,984025447f62d343,86,0110/11/03,0110/07/29,重度失智,混合性,黃立楷,,,,,,,,,,,,,,
e5f1f89586e36b45,5665cbac788dbbeb,男,9e1aa8fdcd6bf40b,e31244aef25e68e6,87,0110/11/04,0110/11/04,極輕度失智,混合性,黃立楷,,,,,,,,,,,,,,
3657e04ab1d540a9,d5a99f4f4704da68,女,bd623173878f37f5,19b39554ea71b762,85,0110/11/05,0110/11/05,中度失智,混合性,黃立楷,,,,,,,,,,,,,,
817e3784a100d8bb,9ccd721b1d4d94b0,男,ca1a29fa68b4d999,bd4f956f7ae4f9f3,69,0110/11/11,0110/08/04,中度失智,混合性,黃立楷,,,,,,,,,,,,,,
9174e4283112ed21,f7722e82bf996189,女,4e055e68977a711b,751291c4666a345f,85,0110/11/11,0110/11/11,極輕度失智,混合性,黃立楷,,,,,,,,,,,,,,
88b8055e6e5e1c61,5bc161d6134f9267,女,a63450c2832b2cc5,397d1ef173dcb14e,1944-05,2021-02-04 0:00:00,2021-01-27 0:00:00,極輕度失智,混合性,趙書屏,,,,,,,,,,,,,,
7db6904c946d3240,ea698b940c210461,女,4701fde608edb155,c8fa0139815e4160,1933-06,2021-02-05 0:00:00,2021-02-05 0:00:00,輕度失智,混合性,趙書屏,,,,,,,,,,,,,,
1d886d0cba371339,4f531f7f3911ce81,女,dc2f6767c8aea881,c3fdf2b10857e388,1939-11,2021-07-03,,輕度失智,混合性,趙書屏,,,,,,,,,,,,,,
dd04bc6aacfac875,68ad6f6bc1e75040,男,22f83b25f2529bc7,09438153536041c9,1942-06,2021-07-16,,輕度失智,混合性,趙書屏,,,,,,,,,,,,,,
a5efc22ceee1e457,c98626f4a2a305b8,男,d6180ac7a5d27e23,295a44e2270f6238,1937-09,2021-03-18 0:00:00,2021-03-18 0:00:00,輕度失智,混合型,,,,,,,,,,,,,,,
1df2a226fcc832ff,4e728ad9f2d65078,女,0e2c6f2a4a16e4b6,e15aae4d11bc7cda,1939-11,2021-03-08 0:00:00,2021-03-08 0:00:00,輕度失智,混合型,胡副,,,,,,,,,,,,,,
9f4b5a8462aef4b0,b2d6bb25e63d8505,男,2a066e29ac238df0,b9bbec23dce05d01,80,0110/11/19,0110/11/19,輕度失智,混合型失智症,,,,,,,,,,,,,,,
ec79acf08bdae824,e6fb6e5eb49135a8,女,7bd800f305a8d82e,5410061f85839db0,72,0110/11/10,0110/11/10,極輕度失智,路易士體失智症,黃立楷,,,,,,,,,,,,,,
756b4994904ff4b5,d1897f0d8ce62925,女,76fd3b0751e2170e,4723216bd38ee19f,1938-07,2021-03-11 0:00:00,2021-03-11 0:00:00,極輕度失智,路易體失智症,胡副,DLB suspected by Dr. Wu ,,,,,,,,,,,,,
0f5b90779c62fbba,94bbad99eb69bb37,女,b546f728a86d0954,56f955fac71a6708,1945-01,2021-02-05 0:00:00,2021-02-04 0:00:00,輕度失智,路易體失智症,趙書屏,,,,,,,,,,,,,,
4d82554db097cad6,190ecfa2a84ce176,男,44a34f983ebd1b94,43c71b786182951f,1953-05,2021-03-12 0:00:00,2021-01-07 0:00:00,極輕度失智,額顳葉失智症,趙書屏,,,,,,,,,,,,,,
,,,,,未知,,,,,,,,,,,,,,,,,,,
,,,,,未知,,,,,,,,,,,,,,,,,,,
,,,,,未知,,,,,,,,,,,,,,,,,,,
,,,,,未知,,,,,,,,,,,,,,,,,,,
,,,,,未知,,,,,,,,,,,,,,,,,,,
,,,,,未知,,,,,,,,,,,,,,,,,,,
,,,,,未知,,,,,,,,,,,,,,,,,,,
,,,,,未知,,,,,,,,,,,,,,,,,,,
,,,,,未知,,,,,,,,,,,,,,,,,,,
,,,,,未知,,,,,,,,,,,,,,,,,,,
,,,,,未知,,,,,,,,,,,,,,,,,,,
,,,,,未知,,,,,,,,,,,,,,,,,,,
,,,,,未知,,,,,,,,,,,,,,,,,,,
,,,,,未知,,,,,,,,,,,,,,,,,,,
,,,,,未知,,,,,,,,,,,,,,,,,,,
,,,,,未知,,,,,,,,,,,,,,,,,,,
,,,,,未知,,,,,,,,,,,,,,,,,,,
,,,,,未知,,,,,,,,,,,,,,,,,,,
,,,,,未知,,,,,,,,,,,,,,,,,,,
,,,,,未知,,,,,,,,,,,,,,,,,,,
,,,,,未知,,,,,,,,,,,,,,,,,,,
,,,,,未知,,,,,,,,,,,,,,,,,,,
,,,,,未知,,,,,,,,,,,,,,,,,,,
,,,,,未知,,,,,,,,,,,,,,,,,,,
,,,,,未知,,,,,,,,,,,,,,,,,,,
,,,,,未知,,,,,,,,,,,,,,,,,,,
,,,,,未知,,,,,,,,,,,,,,,,,,,
,,,,,未知,,,,,,,,,,,,,,,,,,,
,,,,,未知,,,,,,,,,,,,,,,,,,,
,,,,,未知,,,,,,,,,,,,,,,,,,,
,,,,,未知,,,,,,,,,,,,,,,,,,,
,,,,,未知,,,,,,,,,,,,,,,,,,,
,,,,,未知,,,,,,,,,,,,,,,,,,,
,,,,,未知,,,,,,,,,,,,,,,,,,,
,,,,,未知,,,,,,,,,,,,,,,,,,,
,,,,,未知,,,,,,,,,,,,,,,,,,,
,,,,,未知,,,,,,,,,,,,,,,,,,,
,,,,,未知,,,,,,,,,,,,,,,,,,,
,,,,,未知,,,,,,,,,,,,,,,,,,,
,,,,,未知,,,,,,,,,,,,,,,,,,,
,,,,,未知,,,,,,,,,,,,,,,,,,,
,,,,,未知,,,,,,,,,,,,,,,,,,,
,,,,,未知,,,,,,,,,,,,,,,,,,,
,,,,,未知,,,,,,,,,,,,,,,,,,,
,,,,,未知,,,,,,,,,,,,,,,,,,,
,,,,,未知,,,,,,,,,,,,,,,,,,,
,,,,,未知,,,,,,,,,,,,,,,,,,,
,,,,,未知,,,,,,,,,,,,,,,,,,,
,,,,,未知,,,,,,,,,,,,,,,,,,,
,,,,,未知,,,,,,,,,,,,,,,,,,,
,,,,,未知,,,,,,,,,,,,,,,,,,,
,,,,,未知,,,,,,,,,,,,,,,,,,,
,,,,,未知,,,,,,,,,,,,,,,,,,,
,,,,,未知,,,,,,,,,,,,,,,,,,,
,,,,,未知,,,,,,,,,,,,,,,,,,,
,,,,,未知,,,,,,,,,,,,,,,,,,,
,,,,,未知,,,,,,,,,,,,,,,,,,,
,,,,,未知,,,,,,,,,,,,,,,,,,,
,,,,,未知,,,,,,,,,,,,,,,,,,,
,,,,,未知,,,,,,,,,,,,,,,,,,,
,,,,,未知,,,,,,,,,,,,,,,,,,,
,,,,,未知,,,,,,,,,,,,,,,,,,,
,,,,,未知,,,,,,,,,,,,,,,,,,,
,,,,,未知,,,,,,,,,,,,,,,,,,,
,,,,,未知,,,,,,,,,,,,,,,,,,,
,,,,,未知,,,,,,,,,,,,,,,,,,,
,,,,,未知,,,,,,,,,,,,,,,,,,,
,,,,,未知,,,,,,,,,,,,,,,,,,,
,,,,,未知,,,,,,,,,,,,,,,,,,,
,,,,,未知,,,,,,,,,,,,,,,,,,,
,,,,,未知,,,,,,,,,,,,,,,,,,,
,,,,,未知,,,,,,,,,,,,,,,,,,,
,,,,,未知,,,,,,,,,,,,,,,,,,,
,,,,,未知,,,,,,,,,,,,,,,,,,,
,,,,,未知,,,,,,,,,,,,,,,,,,,
,,,,,未知,,,,,,,,,,,,,,,,,,,
,,,,,未知,,,,,,,,,,,,,,,,,,,
,,,,,未知,,,,,,,,,,,,,,,,,,,
,,,,,未知,,,,,,,,,,,,,,,,,,,
,,,,,未知,,,,,,,,,,,,,,,,,,,
,,,,,未知,,,,,,,,,,,,,,,,,,,
,,,,,未知,,,,,,,,,,,,,,,,,,,
,,,,,未知,,,,,,,,,,,,,,,,,,,
,,,,,未知,,,,,,,,,,,,,,,,,,,
,,,,,未知,,,,,,,,,,,,,,,,,,,
,,,,,未知,,,,,,,,,,,,,,,,,,,
,,,,,未知,,,,,,,,,,,,,,,,,,,
,,,,,未知,,,,,,,,,,,,,,,,,,,
,,,,,未知,,,,,,,,,,,,,,,,,,,
,,,,,未知,,,,,,,,,,,,,,,,,,,
,,,,,未知,,,,,,,,,,,,,,,,,,,
,,,,,未知,,,,,,,,,,,,,,,,,,,
,,,,,未知,,,,,,,,,,,,,,,,,,,
,,,,,未知,,,,,,,,,,,,,,,,,,,
,,,,,未知,,,,,,,,,,,,,,,,,,,
,,,,,未知,,,,,,,,,,,,,,,,,,,
,,,,,未知,,,,,,,,,,,,,,,,,,,
,,,,,未知,,,,,,,,,,,,,,,,,,,
,,,,,未知,,,,,,,,,,,,,,,,,,,
,,,,,未知,,,,,,,,,,,,,,,,,,,
,,,,,未知,,,,,,,,,,,,,,,,,,,
,,,,,未知,,,,,,,,,,,,,,,,,,,
,,,,,未知,,,,,,,,,,,,,,,,,,,
,,,,,未知,,,,,,,,,,,,,,,,,,,
,,,,,未知,,,,,,,,,,,,,,,,,,,
,,,,,未知,,,,,,,,,,,,,,,,,,,
,,,,,未知,,,,,,,,,,,,,,,,,,,
,,,,,未知,,,,,,,,,,,,,,,,,,,
,,,,,未知,,,,,,,,,,,,,,,,,,,
,,,,,未知,,,,,,,,,,,,,,,,,,,
,,,,,未知,,,,,,,,,,,,,,,,,,,
,,,,,未知,,,,,,,,,,,,,,,,,,,
,,,,,未知,,,,,,,,,,,,,,,,,,,
,,,,,未知,,,,,,,,,,,,,,,,,,,
,,,,,未知,,,,,,,,,,,,,,,,,,,
,,,,,未知,,,,,,,,,,,,,,,,,,,
,,,,,未知,,,,,,,,,,,,,,,,,,,
,,,,,未知,,,,,,,,,,,,,,,,,,,
,,,,,未知,,,,,,,,,,,,,,,,,,,
,,,,,未知,,,,,,,,,,,,,,,,,,,
,,,,,未知,,,,,,,,,,,,,,,,,,,
,,,,,未知,,,,,,,,,,,,,,,,,,,
,,,,,未知,,,,,,,,,,,,,,,,,,,
,,,,,未知,,,,,,,,,,,,,,,,,,,
,,,,,未知,,,,,,,,,,,,,,,,,,,
,,,,,未知,,,,,,,,,,,,,,,,,,,
,,,,,未知,,,,,,,,,,,,,,,,,,,
,,,,,未知,,,,,,,,,,,,,,,,,,,
,,,,,未知,,,,,,,,,,,,,,,,,,,
,,,,,未知,,,,,,,,,,,,,,,,,,,
,,,,,未知,,,,,,,,,,,,,,,,,,,
,,,,,未知,,,,,,,,,,,,,,,,,,,
,,,,,未知,,,,,,,,,,,,,,,,,,,
,,,,,未知,,,,,,,,,,,,,,,,,,,
,,,,,未知,,,,,,,,,,,,,,,,,,,
,,,,,未知,,,,,,,,,,,,,,,,,,,
,,,,,未知,,,,,,,,,,,,,,,,,,,
,,,,,未知,,,,,,,,,,,,,,,,,,,
,,,,,未知,,,,,,,,,,,,,,,,,,,
,,,,,未知,,,,,,,,,,,,,,,,,,,
,,,,,未知,,,,,,,,,,,,,,,,,,,
,,,,,未知,,,,,,,,,,,,,,,,,,,
,,,,,未知,,,,,,,,,,,,,,,,,,,
,,,,,未知,,,,,,,,,,,,,,,,,,,
,,,,,未知,,,,,,,,,,,,,,,,,,,
,,,,,未知,,,,,,,,,,,,,,,,,,,
,,,,,未知,,,,,,,,,,,,,,,,,,,
,,,,,未知,,,,,,,,,,,,,,,,,,,
,,,,,未知,,,,,,,,,,,,,,,,,,,
,,,,,未知,,,,,,,,,,,,,,,,,,,
,,,,,未知,,,,,,,,,,,,,,,,,,,
,,,,,未知,,,,,,,,,,,,,,,,,,,
,,,,,未知,,,,,,,,,,,,,,,,,,,
,,,,,未知,,,,,,,,,,,,,,,,,,,
,,,,,未知,,,,,,,,,,,,,,,,,,,
,,,,,未知,,,,,,,,,,,,,,,,,,,
,,,,,未知,,,,,,,,,,,,,,,,,,,
,,,,,未知,,,,,,,,,,,,,,,,,,,
,,,,,未知,,,,,,,,,,,,,,,,,,,
,,,,,未知,,,,,,,,,,,,,,,,,,,
,,,,,未知,,,,,,,,,,,,,,,,,,,
,,,,,未知,,,,,,,,,,,,,,,,,,,
,,,,,未知,,,,,,,,,,,,,,,,,,,
,,,,,未知,,,,,,,,,,,,,,,,,,,
,,,,,未知,,,,,,,,,,,,,,,,,,,
,,,,,未知,,,,,,,,,,,,,,,,,,,
,,,,,未知,,,,,,,,,,,,,,,,,,,
,,,,,未知,,,,,,,,,,,,,,,,,,,
,,,,,未知,,,,,,,,,,,,,,,,,,,
,,,,,未知,,,,,,,,,,,,,,,,,,,
,,,,,未知,,,,,,,,,,,,,,,,,,,
,,,,,未知,,,,,,,,,,,,,,,,,,,
,,,,,未知,,,,,,,,,,,,,,,,,,,
,,,,,未知,,,,,,,,,,,,,,,,,,,
,,,,,未知,,,,,,,,,,,,,,,,,,,
,,,,,未知,,,,,,,,,,,,,,,,,,,
,,,,,未知,,,,,,,,,,,,,,,,,,,
,,,,,未知,,,,,,,,,,,,,,,,,,,
,,,,,未知,,,,,,,,,,,,,,,,,,,
,,,,,未知,,,,,,,,,,,,,,,,,,,
,,,,,未知,,,,,,,,,,,,,,,,,,,
,,,,,未知,,,,,,,,,,,,,,,,,,,
,,,,,未知,,,,,,,,,,,,,,,,,,,
,,,,,未知,,,,,,,,,,,,,,,,,,,
,,,,,未知,,,,,,,,,,,,,,,,,,,
,,,,,未知,,,,,,,,,,,,,,,,,,,
,,,,,未知,,,,,,,,,,,,,,,,,,,
,,,,,未知,,,,,,,,,,,,,,,,,,,
,,,,,未知,,,,,,,,,,,,,,,,,,,
,,,,,未知,,,,,,,,,,,,,,,,,,,
,,,,,未知,,,,,,,,,,,,,,,,,,,
,,,,,未知,,,,,,,,,,,,,,,,,,,
,,,,,未知,,,,,,,,,,,,,,,,,,,
,,,,,未知,,,,,,,,,,,,,,,,,,,
,,,,,未知,,,,,,,,,,,,,,,,,,,
,,,,,未知,,,,,,,,,,,,,,,,,,,
,,,,,未知,,,,,,,,,,,,,,,,,,,
,,,,,未知,,,,,,,,,,,,,,,,,,,
,,,,,未知,,,,,,,,,,,,,,,,,,,
,,,,,未知,,,,,,,,,,,,,,,,,,,
,,,,,未知,,,,,,,,,,,,,,,,,,,
,,,,,未知,,,,,,,,,,,,,,,,,,,
,,,,,未知,,,,,,,,,,,,,,,,,,,
,,,,,未知,,,,,,,,,,,,,,,,,,,
,,,,,未知,,,,,,,,,,,,,,,,,,,
,,,,,未知,,,,,,,,,,,,,,,,,,,
,,,,,未知,,,,,,,,,,,,,,,,,,,
,,,,,未知,,,,,,,,,,,,,,,,,,,
,,,,,未知,,,,,,,,,,,,,,,,,,,
,,,,,未知,,,,,,,,,,,,,,,,,,,
,,,,,未知,,,,,,,,,,,,,,,,,,,
,,,,,未知,,,,,,,,,,,,,,,,,,,
,,,,,未知,,,,,,,,,,,,,,,,,,,
,,,,,未知,,,,,,,,,,,,,,,,,,,
,,,,,未知,,,,,,,,,,,,,,,,,,,
,,,,,未知,,,,,,,,,,,,,,,,,,,
,,,,,未知,,,,,,,,,,,,,,,,,,,
,,,,,未知,,,,,,,,,,,,,,,,,,,
,,,,,未知,,,,,,,,,,,,,,,,,,,
,,,,,未知,,,,,,,,,,,,,,,,,,,
,,,,,未知,,,,,,,,,,,,,,,,,,,
,,,,,未知,,,,,,,,,,,,,,,,,,,
,,,,,未知,,,,,,,,,,,,,,,,,,,
,,,,,未知,,,,,,,,,,,,,,,,,,,
,,,,,未知,,,,,,,,,,,,,,,,,,,
,,,,,未知,,,,,,,,,,,,,,,,,,,
,,,,,未知,,,,,,,,,,,,,,,,,,,
,,,,,未知,,,,,,,,,,,,,,,,,,,
,,,,,未知,,,,,,,,,,,,,,,,,,,
,,,,,未知,,,,,,,,,,,,,,,,,,,
,,,,,未知,,,,,,,,,,,,,,,,,,,
,,,,,未知,,,,,,,,,,,,,,,,,,,
,,,,,未知,,,,,,,,,,,,,,,,,,,
,,,,,未知,,,,,,,,,,,,,,,,,,,
,,,,,未知,,,,,,,,,,,,,,,,,,,
,,,,,未知,,,,,,,,,,,,,,,,,,,
,,,,,未知,,,,,,,,,,,,,,,,,,,
,,,,,未知,,,,,,,,,,,,,,,,,,,
,,,,,未知,,,,,,,,,,,,,,,,,,,
,,,,,未知,,,,,,,,,,,,,,,,,,,
,,,,,未知,,,,,,,,,,,,,,,,,,,
,,,,,未知,,,,,,,,,,,,,,,,,,,
,,,,,未知,,,,,,,,,,,,,,,,,,,
,,,,,未知,,,,,,,,,,,,,,,,,,,
,,,,,未知,,,,,,,,,,,,,,,,,,,
,,,,,未知,,,,,,,,,,,,,,,,,,,
,,,,,未知,,,,,,,,,,,,,,,,,,,
,,,,,未知,,,,,,,,,,,,,,,,,,,
,,,,,未知,,,,,,,,,,,,,,,,,,,
,,,,,未知,,,,,,,,,,,,,,,,,,,
,,,,,未知,,,,,,,,,,,,,,,,,,,
,,,,,未知,,,,,,,,,,,,,,,,,,,
,,,,,未知,,,,,,,,,,,,,,,,,,,
,,,,,未知,,,,,,,,,,,,,,,,,,,
,,,,,未知,,,,,,,,,,,,,,,,,,,
,,,,,未知,,,,,,,,,,,,,,,,,,,
,,,,,未知,,,,,,,,,,,,,,,,,,,
,,,,,未知,,,,,,,,,,,,,,,,,,,
,,,,,未知,,,,,,,,,,,,,,,,,,,
,,,,,未知,,,,,,,,,,,,,,,,,,,
,,,,,未知,,,,,,,,,,,,,,,,,,,
,,,,,未知,,,,,,,,,,,,,,,,,,,
,,,,,未知,,,,,,,,,,,,,,,,,,,
,,,,,未知,,,,,,,,,,,,,,,,,,,
,,,,,未知,,,,,,,,,,,,,,,,,,,
,,,,,未知,,,,,,,,,,,,,,,,,,,
,,,,,未知,,,,,,,,,,,,,,,,,,,
,,,,,未知,,,,,,,,,,,,,,,,,,,
,,,,,未知,,,,,,,,,,,,,,,,,,,
,,,,,未知,,,,,,,,,,,,,,,,,,,
,,,,,未知,,,,,,,,,,,,,,,,,,,
,,,,,未知,,,,,,,,,,,,,,,,,,,
,,,,,未知,,,,,,,,,,,,,,,,,,,
,,,,,未知,,,,,,,,,,,,,,,,,,,
,,,,,未知,,,,,,,,,,,,,,,,,,,
,,,,,未知,,,,,,,,,,,,,,,,,,,
,,,,,未知,,,,,,,,,,,,,,,,,,,
,,,,,未知,,,,,,,,,,,,,,,,,,,
,,,,,未知,,,,,,,,,,,,,,,,,,,
,,,,,未知,,,,,,,,,,,,,,,,,,,
,,,,,未知,,,,,,,,,,,,,,,,,,,
,,,,,未知,,,,,,,,,,,,,,,,,,,
,,,,,未知,,,,,,,,,,,,,,,,,,,
,,,,,未知,,,,,,,,,,,,,,,,,,,
,,,,,未知,,,,,,,,,,,,,,,,,,,
,,,,,未知,,,,,,,,,,,,,,,,,,,
,,,,,未知,,,,,,,,,,,,,,,,,,,
,,,,,未知,,,,,,,,,,,,,,,,,,,
,,,,,未知,,,,,,,,,,,,,,,,,,,
,,,,,未知,,,,,,,,,,,,,,,,,,,
,,,,,未知,,,,,,,,,,,,,,,,,,,
,,,,,未知,,,,,,,,,,,,,,,,,,,
,,,,,未知,,,,,,,,,,,,,,,,,,,
,,,,,未知,,,,,,,,,,,,,,,,,,,
,,,,,未知,,,,,,,,,,,,,,,,,,,
,,,,,未知,,,,,,,,,,,,,,,,,,,
,,,,,未知,,,,,,,,,,,,,,,,,,,
,,,,,未知,,,,,,,,,,,,,,,,,,,
,,,,,未知,,,,,,,,,,,,,,,,,,,
,,,,,未知,,,,,,,,,,,,,,,,,,,
,,,,,未知,,,,,,,,,,,,,,,,,,,
,,,,,未知,,,,,,,,,,,,,,,,,,,
,,,,,未知,,,,,,,,,,,,,,,,,,,
,,,,,未知,,,,,,,,,,,,,,,,,,,
,,,,,未知,,,,,,,,,,,,,,,,,,,
,,,,,未知,,,,,,,,,,,,,,,,,,,
,,,,,未知,,,,,,,,,,,,,,,,,,,
,,,,,未知,,,,,,,,,,,,,,,,,,,
,,,,,未知,,,,,,,,,,,,,,,,,,,
,,,,,未知,,,,,,,,,,,,,,,,,,,
,,,,,未知,,,,,,,,,,,,,,,,,,,
,,,,,未知,,,,,,,,,,,,,,,,,,,
,,,,,未知,,,,,,,,,,,,,,,,,,,
,,,,,未知,,,,,,,,,,,,,,,,,,,
,,,,,未知,,,,,,,,,,,,,,,,,,,
,,,,,未知,,,,,,,,,,,,,,,,,,,
,,,,,未知,,,,,,,,,,,,,,,,,,,
,,,,,未知,,,,,,,,,,,,,,,,,,,
,,,,,未知,,,,,,,,,,,,,,,,,,,
,,,,,未知,,,,,,,,,,,,,,,,,,,
,,,,,未知,,,,,,,,,,,,,,,,,,,
,,,,,未知,,,,,,,,,,,,,,,,,,,
,,,,,未知,,,,,,,,,,,,,,,,,,,
,,,,,未知,,,,,,,,,,,,,,,,,,,
,,,,,未知,,,,,,,,,,,,,,,,,,,
,,,,,未知,,,,,,,,,,,,,,,,,,,
,,,,,未知,,,,,,,,,,,,,,,,,,,
,,,,,未知,,,,,,,,,,,,,,,,,,,
,,,,,未知,,,,,,,,,,,,,,,,,,,
,,,,,未知,,,,,,,,,,,,,,,,,,,
,,,,,未知,,,,,,,,,,,,,,,,,,,
,,,,,未知,,,,,,,,,,,,,,,,,,,
,,,,,未知,,,,,,,,,,,,,,,,,,,
,,,,,未知,,,,,,,,,,,,,,,,,,,
,,,,,未知,,,,,,,,,,,,,,,,,,,
,,,,,未知,,,,,,,,,,,,,,,,,,,
,,,,,未知,,,,,,,,,,,,,,,,,,,
,,,,,未知,,,,,,,,,,,,,,,,,,,
,,,,,未知,,,,,,,,,,,,,,,,,,,
,,,,,未知,,,,,,,,,,,,,,,,,,,
,,,,,未知,,,,,,,,,,,,,,,,,,,
,,,,,未知,,,,,,,,,,,,,,,,,,,
,,,,,未知,,,,,,,,,,,,,,,,,,,
,,,,,未知,,,,,,,,,,,,,,,,,,,
,,,,,未知,,,,,,,,,,,,,,,,,,,
,,,,,未知,,,,,,,,,,,,,,,,,,,
,,,,,未知,,,,,,,,,,,,,,,,,,,
,,,,,未知,,,,,,,,,,,,,,,,,,,
,,,,,未知,,,,,,,,,,,,,,,,,,,
,,,,,未知,,,,,,,,,,,,,,,,,,,
,,,,,未知,,,,,,,,,,,,,,,,,,,
,,,,,未知,,,,,,,,,,,,,,,,,,,
,,,,,未知,,,,,,,,,,,,,,,,,,,
,,,,,未知,,,,,,,,,,,,,,,,,,,
,,,,,未知,,,,,,,,,,,,,,,,,,,
,,,,,未知,,,,,,,,,,,,,,,,,,,
,,,,,未知,,,,,,,,,,,,,,,,,,,
,,,,,未知,,,,,,,,,,,,,,,,,,,
,,,,,未知,,,,,,,,,,,,,,,,,,,
,,,,,未知,,,,,,,,,,,,,,,,,,,
,,,,,未知,,,,,,,,,,,,,,,,,,,
,,,,,未知,,,,,,,,,,,,,,,,,,,
,,,,,未知,,,,,,,,,,,,,,,,,,,
,,,,,未知,,,,,,,,,,,,,,,,,,,
,,,,,未知,,,,,,,,,,,,,,,,,,,
,,,,,未知,,,,,,,,,,,,,,,,,,,
,,,,,未知,,,,,,,,,,,,,,,,,,,
,,,,,未知,,,,,,,,,,,,,,,,,,,
,,,,,未知,,,,,,,,,,,,,,,,,,,
,,,,,未知,,,,,,,,,,,,,,,,,,,
,,,,,未知,,,,,,,,,,,,,,,,,,,
,,,,,未知,,,,,,,,,,,,,,,,,,,
,,,,,未知,,,,,,,,,,,,,,,,,,,
,,,,,未知,,,,,,,,,,,,,,,,,,,
,,,,,未知,,,,,,,,,,,,,,,,,,,
,,,,,未知,,,,,,,,,,,,,,,,,,,
,,,,,未知,,,,,,,,,,,,,,,,,,,
,,,,,未知,,,,,,,,,,,,,,,,,,,
,,,,,未知,,,,,,,,,,,,,,,,,,,
,,,,,未知,,,,,,,,,,,,,,,,,,,
,,,,,未知,,,,,,,,,,,,,,,,,,,
,,,,,未知,,,,,,,,,,,,,,,,,,,
,,,,,未知,,,,,,,,,,,,,,,,,,,
,,,,,未知,,,,,,,,,,,,,,,,,,,
,,,,,未知,,,,,,,,,,,,,,,,,,,
,,,,,未知,,,,,,,,,,,,,,,,,,,
,,,,,未知,,,,,,,,,,,,,,,,,,,
,,,,,未知,,,,,,,,,,,,,,,,,,,
,,,,,未知,,,,,,,,,,,,,,,,,,,
,,,,,未知,,,,,,,,,,,,,,,,,,,
,,,,,未知,,,,,,,,,,,,,,,,,,,
,,,,,未知,,,,,,,,,,,,,,,,,,,
,,,,,未知,,,,,,,,,,,,,,,,,,,
,,,,,未知,,,,,,,,,,,,,,,,,,,
,,,,,未知,,,,,,,,,,,,,,,,,,,
,,,,,未知,,,,,,,,,,,,,,,,,,,
,,,,,未知,,,,,,,,,,,,,,,,,,,
,,,,,未知,,,,,,,,,,,,,,,,,,,
,,,,,未知,,,,,,,,,,,,,,,,,,,
,,,,,未知,,,,,,,,,,,,,,,,,,,
,,,,,未知,,,,,,,,,,,,,,,,,,,
,,,,,未知,,,,,,,,,,,,,,,,,,,
,,,,,未知,,,,,,,,,,,,,,,,,,,
,,,,,未知,,,,,,,,,,,,,,,,,,,
,,,,,未知,,,,,,,,,,,,,,,,,,,
,,,,,未知,,,,,,,,,,,,,,,,,,,
,,,,,未知,,,,,,,,,,,,,,,,,,,
,,,,,未知,,,,,,,,,,,,,,,,,,,
,,,,,未知,,,,,,,,,,,,,,,,,,,
,,,,,未知,,,,,,,,,,,,,,,,,,,
,,,,,未知,,,,,,,,,,,,,,,,,,,
,,,,,未知,,,,,,,,,,,,,,,,,,,
,,,,,未知,,,,,,,,,,,,,,,,,,,
,,,,,未知,,,,,,,,,,,,,,,,,,,
,,,,,未知,,,,,,,,,,,,,,,,,,,
,,,,,未知,,,,,,,,,,,,,,,,,,,
,,,,,未知,,,,,,,,,,,,,,,,,,,
,,,,,未知,,,,,,,,,,,,,,,,,,,
,,,,,未知,,,,,,,,,,,,,,,,,,,
,,,,,未知,,,,,,,,,,,,,,,,,,,
,,,,,未知,,,,,,,,,,,,,,,,,,,
,,,,,未知,,,,,,,,,,,,,,,,,,,
,,,,,未知,,,,,,,,,,,,,,,,,,,
,,,,,未知,,,,,,,,,,,,,,,,,,,
,,,,,未知,,,,,,,,,,,,,,,,,,,
,,,,,未知,,,,,,,,,,,,,,,,,,,
,,,,,未知,,,,,,,,,,,,,,,,,,,
,,,,,未知,,,,,,,,,,,,,,,,,,,
,,,,,未知,,,,,,,,,,,,,,,,,,,
,,,,,未知,,,,,,,,,,,,,,,,,,,
,,,,,未知,,,,,,,,,,,,,,,,,,,
,,,,,未知,,,,,,,,,,,,,,,,,,,
,,,,,未知,,,,,,,,,,,,,,,,,,,
,,,,,未知,,,,,,,,,,,,,,,,,,,
,,,,,未知,,,,,,,,,,,,,,,,,,,
,,,,,未知,,,,,,,,,,,,,,,,,,,
,,,,,未知,,,,,,,,,,,,,,,,,,,
,,,,,未知,,,,,,,,,,,,,,,,,,,
,,,,,未知,,,,,,,,,,,,,,,,,,,
,,,,,未知,,,,,,,,,,,,,,,,,,,
,,,,,未知,,,,,,,,,,,,,,,,,,,
,,,,,未知,,,,,,,,,,,,,,,,,,,
,,,,,未知,,,,,,,,,,,,,,,,,,,
,,,,,未知,,,,,,,,,,,,,,,,,,,
,,,,,未知,,,,,,,,,,,,,,,,,,,
,,,,,未知,,,,,,,,,,,,,,,,,,,
,,,,,未知,,,,,,,,,,,,,,,,,,,
,,,,,未知,,,,,,,,,,,,,,,,,,,
,,,,,未知,,,,,,,,,,,,,,,,,,,
,,,,,未知,,,,,,,,,,,,,,,,,,,
,,,,,未知,,,,,,,,,,,,,,,,,,,
,,,,,未知,,,,,,,,,,,,,,,,,,,
,,,,,未知,,,,,,,,,,,,,,,,,,,
,,,,,未知,,,,,,,,,,,,,,,,,,,
,,,,,未知,,,,,,,,,,,,,,,,,,,
,,,,,未知,,,,,,,,,,,,,,,,,,,
,,,,,未知,,,,,,,,,,,,,,,,,,,
,,,,,未知,,,,,,,,,,,,,,,,,,,
,,,,,未知,,,,,,,,,,,,,,,,,,,
,,,,,未知,,,,,,,,,,,,,,,,,,,
,,,,,未知,,,,,,,,,,,,,,,,,,,
,,,,,未知,,,,,,,,,,,,,,,,,,,
,,,,,未知,,,,,,,,,,,,,,,,,,,
,,,,,未知,,,,,,,,,,,,,,,,,,,
,,,,,未知,,,,,,,,,,,,,,,,,,,
,,,,,未知,,,,,,,,,,,,,,,,,,,
,,,,,未知,,,,,,,,,,,,,,,,,,,
,,,,,未知,,,,,,,,,,,,,,,,,,,
,,,,,未知,,,,,,,,,,,,,,,,,,,
,,,,,未知,,,,,,,,,,,,,,,,,,,
,,,,,未知,,,,,,,,,,,,,,,,,,,
,,,,,未知,,,,,,,,,,,,,,,,,,,
,,,,,未知,,,,,,,,,,,,,,,,,,,
,,,,,未知,,,,,,,,,,,,,,,,,,,
,,,,,未知,,,,,,,,,,,,,,,,,,,
,,,,,未知,,,,,,,,,,,,,,,,,,,
,,,,,未知,,,,,,,,,,,,,,,,,,,
,,,,,未知,,,,,,,,,,,,,,,,,,,
,,,,,未知,,,,,,,,,,,,,,,,,,,
,,,,,未知,,,,,,,,,,,,,,,,,,,
,,,,,未知,,,,,,,,,,,,,,,,,,,
,,,,,未知,,,,,,,,,,,,,,,,,,,
,,,,,未知,,,,,,,,,,,,,,,,,,,
,,,,,未知,,,,,,,,,,,,,,,,,,,
,,,,,未知,,,,,,,,,,,,,,,,,,,
,,,,,未知,,,,,,,,,,,,,,,,,,,
,,,,,未知,,,,,,,,,,,,,,,,,,,
,,,,,未知,,,,,,,,,,,,,,,,,,,
,,,,,未知,,,,,,,,,,,,,,,,,,,
,,,,,未知,,,,,,,,,,,,,,,,,,,
,,,,,未知,,,,,,,,,,,,,,,,,,,
,,,,,未知,,,,,,,,,,,,,,,,,,,
,,,,,未知,,,,,,,,,,,,,,,,,,,
,,,,,未知,,,,,,,,,,,,,,,,,,,
,,,,,未知,,,,,,,,,,,,,,,,,,,
,,,,,未知,,,,,,,,,,,,,,,,,,,
,,,,,未知,,,,,,,,,,,,,,,,,,,
,,,,,未知,,,,,,,,,,,,,,,,,,,
,,,,,未知,,,,,,,,,,,,,,,,,,,
,,,,,未知,,,,,,,,,,,,,,,,,,,
,,,,,未知,,,,,,,,,,,,,,,,,,,
,,,,,未知,,,,,,,,,,,,,,,,,,,
,,,,,未知,,,,,,,,,,,,,,,,,,,
,,,,,未知,,,,,,,,,,,,,,,,,,,
,,,,,未知,,,,,,,,,,,,,,,,,,,
,,,,,未知,,,,,,,,,,,,,,,,,,,
,,,,,未知,,,,,,,,,,,,,,,,,,,
,,,,,未知,,,,,,,,,,,,,,,,,,,
,,,,,未知,,,,,,,,,,,,,,,,,,,
,,,,,未知,,,,,,,,,,,,,,,,,,,
,,,,,未知,,,,,,,,,,,,,,,,,,,
,,,,,未知,,,,,,,,,,,,,,,,,,,
,,,,,未知,,,,,,,,,,,,,,,,,,,
,,,,,未知,,,,,,,,,,,,,,,,,,,
,,,,,未知,,,,,,,,,,,,,,,,,,,
,,,,,未知,,,,,,,,,,,,,,,,,,,
,,,,,未知,,,,,,,,,,,,,,,,,,,
,,,,,未知,,,,,,,,,,,,,,,,,,,
,,,,,未知,,,,,,,,,,,,,,,,,,,
,,,,,未知,,,,,,,,,,,,,,,,,,,
,,,,,未知,,,,,,,,,,,,,,,,,,,
,,,,,未知,,,,,,,,,,,,,,,,,,,
,,,,,未知,,,,,,,,,,,,,,,,,,,
,,,,,未知,,,,,,,,,,,,,,,,,,,
,,,,,未知,,,,,,,,,,,,,,,,,,,
,,,,,未知,,,,,,,,,,,,,,,,,,,
,,,,,未知,,,,,,,,,,,,,,,,,,,
,,,,,未知,,,,,,,,,,,,,,,,,,,
,,,,,未知,,,,,,,,,,,,,,,,,,,
,,,,,未知,,,,,,,,,,,,,,,,,,,
,,,,,未知,,,,,,,,,,,,,,,,,,,
,,,,,未知,,,,,,,,,,,,,,,,,,,
,,,,,未知,,,,,,,,,,,,,,,,,,,
,,,,,未知,,,,,,,,,,,,,,,,,,,
,,,,,未知,,,,,,,,,,,,,,,,,,,
,,,,,未知,,,,,,,,,,,,,,,,,,,
,,,,,未知,,,,,,,,,,,,,,,,,,,
,,,,,未知,,,,,,,,,,,,,,,,,,,
,,,,,未知,,,,,,,,,,,,,,,,,,,
,,,,,未知,,,,,,,,,,,,,,,,,,,
,,,,,未知,,,,,,,,,,,,,,,,,,,
,,,,,未知,,,,,,,,,,,,,,,,,,,
,,,,,未知,,,,,,,,,,,,,,,,,,,
,,,,,未知,,,,,,,,,,,,,,,,,,,
,,,,,未知,,,,,,,,,,,,,,,,,,,
,,,,,未知,,,,,,,,,,,,,,,,,,,
,,,,,未知,,,,,,,,,,,,,,,,,,,
,,,,,未知,,,,,,,,,,,,,,,,,,,
,,,,,未知,,,,,,,,,,,,,,,,,,,
,,,,,未知,,,,,,,,,,,,,,,,,,,
,,,,,未知,,,,,,,,,,,,,,,,,,,
,,,,,未知,,,,,,,,,,,,,,,,,,,
,,,,,未知,,,,,,,,,,,,,,,,,,,
,,,,,未知,,,,,,,,,,,,,,,,,,,
,,,,,未知,,,,,,,,,,,,,,,,,,,
,,,,,未知,,,,,,,,,,,,,,,,,,,
,,,,,未知,,,,,,,,,,,,,,,,,,,
,,,,,未知,,,,,,,,,,,,,,,,,,,
,,,,,未知,,,,,,,,,,,,,,,,,,,
,,,,,未知,,,,,,,,,,,,,,,,,,,
,,,,,未知,,,,,,,,,,,,,,,,,,,
,,,,,未知,,,,,,,,,,,,,,,,,,,
,,,,,未知,,,,,,,,,,,,,,,,,,,
,,,,,未知,,,,,,,,,,,,,,,,,,,
,,,,,未知,,,,,,,,,,,,,,,,,,,
,,,,,未知,,,,,,,,,,,,,,,,,,,
,,,,,未知,,,,,,,,,,,,,,,,,,,
,,,,,未知,,,,,,,,,,,,,,,,,,,
,,,,,未知,,,,,,,,,,,,,,,,,,,
,,,,,未知,,,,,,,,,,,,,,,,,,,
,,,,,未知,,,,,,,,,,,,,,,,,,,
,,,,,未知,,,,,,,,,,,,,,,,,,,
,,,,,未知,,,,,,,,,,,,,,,,,,,
,,,,,未知,,,,,,,,,,,,,,,,,,,
,,,,,未知,,,,,,,,,,,,,,,,,,,
,,,,,未知,,,,,,,,,,,,,,,,,,,
,,,,,未知,,,,,,,,,,,,,,,,,,,
,,,,,未知,,,,,,,,,,,,,,,,,,,
,,,,,未知,,,,,,,,,,,,,,,,,,,
,,,,,未知,,,,,,,,,,,,,,,,,,,
,,,,,未知,,,,,,,,,,,,,,,,,,,
,,,,,未知,,,,,,,,,,,,,,,,,,,
,,,,,未知,,,,,,,,,,,,,,,,,,,
,,,,,未知,,,,,,,,,,,,,,,,,,,
,,,,,未知,,,,,,,,,,,,,,,,,,,
,,,,,未知,,,,,,,,,,,,,,,,,,,
,,,,,未知,,,,,,,,,,,,,,,,,,,
,,,,,未知,,,,,,,,,,,,,,,,,,,
,,,,,未知,,,,,,,,,,,,,,,,,,,
,,,,,未知,,,,,,,,,,,,,,,,,,,
,,,,,未知,,,,,,,,,,,,,,,,,,,
,,,,,未知,,,,,,,,,,,,,,,,,,,
,,,,,未知,,,,,,,,,,,,,,,,,,,
,,,,,未知,,,,,,,,,,,,,,,,,,,
,,,,,未知,,,,,,,,,,,,,,,,,,,
,,,,,未知,,,,,,,,,,,,,,,,,,,
,,,,,未知,,,,,,,,,,,,,,,,,,,
,,,,,未知,,,,,,,,,,,,,,,,,,,
,,,,,未知,,,,,,,,,,,,,,,,,,,
,,,,,未知,,,,,,,,,,,,,,,,,,,
,,,,,未知,,,,,,,,,,,,,,,,,,,
,,,,,未知,,,,,,,,,,,,,,,,,,,
,,,,,未知,,,,,,,,,,,,,,,,,,,
,,,,,未知,,,,,,,,,,,,,,,,,,,
,,,,,未知,,,,,,,,,,,,,,,,,,,
,,,,,未知,,,,,,,,,,,,,,,,,,,
,,,,,未知,,,,,,,,,,,,,,,,,,,
,,,,,未知,,,,,,,,,,,,,,,,,,,
,,,,,未知,,,,,,,,,,,,,,,,,,,
,,,,,未知,,,,,,,,,,,,,,,,,,,
,,,,,未知,,,,,,,,,,,,,,,,,,,
,,,,,未知,,,,,,,,,,,,,,,,,,,
,,,,,未知,,,,,,,,,,,,,,,,,,,
,,,,,未知,,,,,,,,,,,,,,,,,,,
,,,,,未知,,,,,,,,,,,,,,,,,,,
,,,,,未知,,,,,,,,,,,,,,,,,,,
,,,,,未知,,,,,,,,,,,,,,,,,,,
,,,,,未知,,,,,,,,,,,,,,,,,,,
,,,,,未知,,,,,,,,,,,,,,,,,,,
,,,,,未知,,,,,,,,,,,,,,,,,,,
,,,,,未知,,,,,,,,,,,,,,,,,,,
,,,,,未知,,,,,,,,,,,,,,,,,,,
,,,,,未知,,,,,,,,,,,,,,,,,,,
,,,,,未知,,,,,,,,,,,,,,,,,,,
,,,,,未知,,,,,,,,,,,,,,,,,,,
,,,,,未知,,,,,,,,,,,,,,,,,,,
,,,,,未知,,,,,,,,,,,,,,,,,,,
,,,,,未知,,,,,,,,,,,,,,,,,,,
,,,,,未知,,,,,,,,,,,,,,,,,,,
,,,,,未知,,,,,,,,,,,,,,,,,,,
,,,,,未知,,,,,,,,,,,,,,,,,,,
,,,,,未知,,,,,,,,,,,,,,,,,,,
,,,,,未知,,,,,,,,,,,,,,,,,,,
,,,,,未知,,,,,,,,,,,,,,,,,,,
,,,,,未知,,,,,,,,,,,,,,,,,,,
,,,,,未知,,,,,,,,,,,,,,,,,,,
,,,,,未知,,,,,,,,,,,,,,,,,,,
,,,,,未知,,,,,,,,,,,,,,,,,,,
,,,,,未知,,,,,,,,,,,,,,,,,,,
,,,,,未知,,,,,,,,,,,,,,,,,,,
,,,,,未知,,,,,,,,,,,,,,,,,,,
,,,,,未知,,,,,,,,,,,,,,,,,,,
,,,,,未知,,,,,,,,,,,,,,,,,,,
,,,,,未知,,,,,,,,,,,,,,,,,,,
,,,,,未知,,,,,,,,,,,,,,,,,,,
,,,,,未知,,,,,,,,,,,,,,,,,,,
,,,,,未知,,,,,,,,,,,,,,,,,,,
,,,,,未知,,,,,,,,,,,,,,,,,,,
,,,,,未知,,,,,,,,,,,,,,,,,,,
,,,,,未知,,,,,,,,,,,,,,,,,,,
,,,,,未知,,,,,,,,,,,,,,,,,,,
,,,,,未知,,,,,,,,,,,,,,,,,,,
,,,,,未知,,,,,,,,,,,,,,,,,,,
,,,,,未知,,,,,,,,,,,,,,,,,,,
,,,,,未知,,,,,,,,,,,,,,,,,,,
,,,,,未知,,,,,,,,,,,,,,,,,,,
,,,,,未知,,,,,,,,,,,,,,,,,,,
,,,,,未知,,,,,,,,,,,,,,,,,,,
,,,,,未知,,,,,,,,,,,,,,,,,,,
,,,,,未知,,,,,,,,,,,,,,,,,,,
,,,,,未知,,,,,,,,,,,,,,,,,,,
,,,,,未知,,,,,,,,,,,,,,,,,,,
,,,,,未知,,,,,,,,,,,,,,,,,,,
,,,,,未知,,,,,,,,,,,,,,,,,,,
,,,,,未知,,,,,,,,,,,,,,,,,,,
,,,,,未知,,,,,,,,,,,,,,,,,,,
,,,,,未知,,,,,,,,,,,,,,,,,,,
,,,,,未知,,,,,,,,,,,,,,,,,,,
,,,,,未知,,,,,,,,,,,,,,,,,,,
,,,,,未知,,,,,,,,,,,,,,,,,,,
,,,,,未知,,,,,,,,,,,,,,,,,,,
,,,,,未知,,,,,,,,,,,,,,,,,,,
,,,,,未知,,,,,,,,,,,,,,,,,,,
,,,,,未知,,,,,,,,,,,,,,,,,,,
,,,,,未知,,,,,,,,,,,,,,,,,,,
,,,,,未知,,,,,,,,,,,,,,,,,,,
,,,,,未知,,,,,,,,,,,,,,,,,,,
,,,,,未知,,,,,,,,,,,,,,,,,,,
,,,,,未知,,,,,,,,,,,,,,,,,,,
,,,,,未知,,,,,,,,,,,,,,,,,,,
,,,,,未知,,,,,,,,,,,,,,,,,,,
,,,,,未知,,,,,,,,,,,,,,,,,,,
,,,,,未知,,,,,,,,,,,,,,,,,,,
,,,,,未知,,,,,,,,,,,,,,,,,,,
,,,,,未知,,,,,,,,,,,,,,,,,,,
,,,,,未知,,,,,,,,,,,,,,,,,,,
,,,,,未知,,,,,,,,,,,,,,,,,,,
,,,,,未知,,,,,,,,,,,,,,,,,,,
,,,,,未知,,,,,,,,,,,,,,,,,,,
,,,,,未知,,,,,,,,,,,,,,,,,,,
,,,,,未知,,,,,,,,,,,,,,,,,,,
,,,,,未知,,,,,,,,,,,,,,,,,,,
,,,,,未知,,,,,,,,,,,,,,,,,,,
,,,,,未知,,,,,,,,,,,,,,,,,,,
,,,,,未知,,,,,,,,,,,,,,,,,,,
,,,,,未知,,,,,,,,,,,,,,,,,,,
,,,,,未知,,,,,,,,,,,,,,,,,,,
,,,,,未知,,,,,,,,,,,,,,,,,,,
,,,,,未知,,,,,,,,,,,,,,,,,,,
,,,,,未知,,,,,,,,,,,,,,,,,,,
,,,,,未知,,,,,,,,,,,,,,,,,,,
,,,,,未知,,,,,,,,,,,,,,,,,,,
,,,,,未知,,,,,,,,,,,,,,,,,,,
,,,,,未知,,,,,,,,,,,,,,,,,,,
,,,,,未知,,,,,,,,,,,,,,,,,,,
,,,,,未知,,,,,,,,,,,,,,,,,,,
,,,,,未知,,,,,,,,,,,,,,,,,,,
,,,,,未知,,,,,,,,,,,,,,,,,,,
,,,,,未知,,,,,,,,,,,,,,,,,,,
,,,,,未知,,,,,,,,,,,,,,,,,,,
,,,,,未知,,,,,,,,,,,,,,,,,,,
,,,,,未知,,,,,,,,,,,,,,,,,,,
,,,,,未知,,,,,,,,,,,,,,,,,,,
,,,,,未知,,,,,,,,,,,,,,,,,,,
,,,,,未知,,,,,,,,,,,,,,,,,,,
,,,,,未知,,,,,,,,,,,,,,,,,,,
,,,,,未知,,,,,,,,,,,,,,,,,,,
,,,,,未知,,,,,,,,,,,,,,,,,,,
,,,,,未知,,,,,,,,,,,,,,,,,,,
,,,,,未知,,,,,,,,,,,,,,,,,,,
,,,,,未知,,,,,,,,,,,,,,,,,,,
,,,,,未知,,,,,,,,,,,,,,,,,,,
,,,,,未知,,,,,,,,,,,,,,,,,,,
,,,,,未知,,,,,,,,,,,,,,,,,,,
,,,,,未知,,,,,,,,,,,,,,,,,,,
,,,,,未知,,,,,,,,,,,,,,,,,,,
,,,,,未知,,,,,,,,,,,,,,,,,,,
,,,,,未知,,,,,,,,,,,,,,,,,,,
,,,,,未知,,,,,,,,,,,,,,,,,,,
,,,,,未知,,,,,,,,,,,,,,,,,,,
,,,,,未知,,,,,,,,,,,,,,,,,,,
,,,,,未知,,,,,,,,,,,,,,,,,,,
,,,,,未知,,,,,,,,,,,,,,,,,,,
,,,,,未知,,,,,,,,,,,,,,,,,,,
,,,,,未知,,,,,,,,,,,,,,,,,,,
,,,,,未知,,,,,,,,,,,,,,,,,,,
,,,,,未知,,,,,,,,,,,,,,,,,,,
,,,,,未知,,,,,,,,,,,,,,,,,,,
,,,,,未知,,,,,,,,,,,,,,,,,,,
,,,,,未知,,,,,,,,,,,,,,,,,,,
,,,,,未知,,,,,,,,,,,,,,,,,,,
,,,,,未知,,,,,,,,,,,,,,,,,,,
,,,,,未知,,,,,,,,,,,,,,,,,,,
,,,,,未知,,,,,,,,,,,,,,,,,,,
,,,,,未知,,,,,,,,,,,,,,,,,,,
,,,,,未知,,,,,,,,,,,,,,,,,,,
,,,,,未知,,,,,,,,,,,,,,,,,,,
,,,,,未知,,,,,,,,,,,,,,,,,,,
,,,,,未知,,,,,,,,,,,,,,,,,,,
,,,,,未知,,,,,,,,,,,,,,,,,,,
,,,,,未知,,,,,,,,,,,,,,,,,,,
,,,,,未知,,,,,,,,,,,,,,,,,,,
,,,,,未知,,,,,,,,,,,,,,,,,,,
,,,,,未知,,,,,,,,,,,,,,,,,,,
,,,,,未知,,,,,,,,,,,,,,,,,,,
,,,,,未知,,,,,,,,,,,,,,,,,,,
,,,,,未知,,,,,,,,,,,,,,,,,,,
,,,,,未知,,,,,,,,,,,,,,,,,,,
,,,,,未知,,,,,,,,,,,,,,,,,,,
,,,,,未知,,,,,,,,,,,,,,,,,,,
,,,,,未知,,,,,,,,,,,,,,,,,,,
,,,,,未知,,,,,,,,,,,,,,,,,,,
,,,,,未知,,,,,,,,,,,,,,,,,,,
,,,,,未知,,,,,,,,,,,,,,,,,,,
,,,,,未知,,,,,,,,,,,,,,,,,,,
,,,,,未知,,,,,,,,,,,,,,,,,,,
,,,,,未知,,,,,,,,,,,,,,,,,,,
,,,,,未知,,,,,,,,,,,,,,,,,,,
,,,,,未知,,,,,,,,,,,,,,,,,,,
,,,,,未知,,,,,,,,,,,,,,,,,,,
,,,,,未知,,,,,,,,,,,,,,,,,,,
,,,,,未知,,,,,,,,,,,,,,,,,,,
,,,,,未知,,,,,,,,,,,,,,,,,,,
,,,,,未知,,,,,,,,,,,,,,,,,,,
,,,,,未知,,,,,,,,,,,,,,,,,,,
